step,episode_return,episode_score,loss,epsilon,eval_score
506,-120.34445790154763,0,0.0,0.995193,
859,-130.8621689510639,0,0.0,0.9918395,
1486,-124.77502098864022,0,0.0,0.985883,
2242,-122.9095962424662,0,14.153728485107422,0.978701,
2737,-114.2104205851135,0,15.250473976135254,0.9739985,
3136,-125.29474701226277,0,23.708194732666016,0.970208,
3527,-128.22647164150055,0,28.32107925415039,0.9664935,
4214,-104.00724083296988,0,20.980751037597656,0.959967,
4639,-122.71750635049801,0,6.948224067687988,0.9559295,
4881,-133.0171640175246,0,9.263002395629883,0.9536305,
5293,-122.55259615447528,0,11.866161346435547,0.9497165,
5624,-128.0315402899354,0,19.47610092163086,0.946572,
5992,-130.8276362781648,0,16.85822105407715,0.943076,
6331,-127.60371161983659,0,8.868741989135742,0.9398555,
7253,-109.20959623000438,0,12.459156036376953,0.9310965,
7504,-132.9696497657458,0,8.064006805419922,0.928712,
7771,-130.27692716513056,0,9.669737815856934,0.9261755,
8223,-119.86683416804419,0,5.888179779052734,0.9218815,
8473,-132.88285448693887,0,27.808143615722656,0.9195065,
8750,-133.09542174950707,0,9.140201568603516,0.916875,
9247,-123.4549313950624,0,16.23033905029297,0.9121535000000001,
9829,-114.9387024527371,0,18.040494918823242,0.9066244999999999,
10212,-134.30612018124282,0,8.964815139770508,0.902986,
10454,-132.94182380273338,0,11.513525009155273,0.900687,
10777,-124.65626084749607,0,18.086383819580078,0.8976185,
11041,-133.02889800678966,0,4.24368953704834,0.8951105,
11392,-127.8272916165489,0,16.538246154785156,0.891776,
11670,-127.22204672924158,0,17.05070686340332,0.889135,
12013,-128.13283459481642,0,4.249450206756592,0.8858765,
12292,-133.38639610836876,0,3.7060463428497314,0.883226,
12810,-117.06003557416085,0,10.219069480895996,0.878305,
13717,-114.97178680296703,0,5.495450973510742,0.8696885000000001,
14168,-128.77662995105658,0,2.219240665435791,0.8654040000000001,
14404,-132.95728055619298,0,2.8593573570251465,0.863162,
14833,-125.93242461945374,0,4.136209011077881,0.8590865,
15104,-126.95582501604147,0,3.258301258087158,0.8565119999999999,
15366,-133.1164288188673,0,4.169339656829834,0.854023,
16173,-132.17356069508855,0,1.8493553400039673,0.8463565,
16681,-126.70970869044217,0,1.6154654026031494,0.8415305,
17096,-122.71085529846042,0,0.8583345413208008,0.837588,
17521,-128.21672667947865,0,3.072758197784424,0.8335505,
18086,-123.52199721658423,0,4.148281574249268,0.828183,
18533,-128.7270064412583,0,2.219602346420288,0.8239365000000001,
18784,-133.10149366924827,0,7.770483493804932,0.8215520000000001,
19350,-102.3062980510687,0,2.818084239959717,0.816175,
19623,-133.01819995842325,0,1.7509639263153076,0.8135815,
20000,,,2.889432430267334,0.81,0.0
20110,-126.23905252188929,0,3.5589423179626465,0.808955,
20358,-133.0947729071778,0,5.941619873046875,0.8065990000000001,
20612,-133.0243397575259,0,2.790904998779297,0.8041860000000001,
21622,-109.97448548089334,0,1.9662628173828125,0.794591,
22217,-127.12070119593827,0,5.882374286651611,0.7889385,
22784,-123.975872523226,0,2.6349377632141113,0.783552,
23383,-112.1781655132954,0,2.4346423149108887,0.7778615,
23641,-133.29213389188277,0,3.866370439529419,0.7754105,
24241,-127.53656856124495,0,1.339268684387207,0.7697105,
24481,-133.18083689076678,0,1.6864556074142456,0.7674305,
24897,-122.67685217667797,0,3.135806083679199,0.7634785,
25252,-130.94832834457154,0,4.278907299041748,0.760106,
25687,-129.05602717005064,0,2.452639579772949,0.7559735000000001,
26031,-130.92174129775674,0,1.8839386701583862,0.7527055,
26285,-126.89871901023513,0,2.031142234802246,0.7502925,
26548,-132.88006640677946,0,3.090071678161621,0.7477940000000001,
27035,-128.92611350446228,0,0.9095990657806396,0.7431675,
27606,-126.27954693302414,0,1.7217612266540527,0.737743,
28178,-124.21041929926756,0,2.3895139694213867,0.7323090000000001,
28930,-122.35355168745,0,1.684558391571045,0.7251650000000001,
29651,-116.66603789203668,0,2.269444465637207,0.7183155,
30080,-116.79299471596964,0,3.120108127593994,0.71424,
30384,-130.332085392995,0,1.5942063331604004,0.711352,
30632,-133.10596764020096,0,1.2696329355239868,0.708996,
30923,-133.317260381515,0,1.034084677696228,0.7062315,
31256,-130.69796140263043,0,1.5018454790115356,0.703068,
31839,-118.18034129565012,0,1.7114406824111938,0.6975295,
32172,-130.70097277762977,0,1.1311347484588623,0.694366,
32517,-130.95945260486215,0,1.374936580657959,0.6910885,
32913,-128.17780190774863,0,1.0825645923614502,0.6873265000000001,
33163,-133.00019968711544,0,2.2489757537841797,0.6849515,
33970,-120.16162378792319,0,4.909244060516357,0.677285,
35398,-113.71289034548062,0,1.6153299808502197,0.663719,
35737,-130.93302530520143,0,1.0949842929840088,0.6604985,
36479,-116.38593282927911,0,1.524287462234497,0.6534495,
36802,-130.65691313414354,0,0.6668795943260193,0.650381,
37286,-128.82049854394543,0,0.8140773773193359,0.645783,
37968,-118.90053894576897,0,1.0810757875442505,0.639304,
38311,-131.04893385139576,0,1.546227216720581,0.6360455,
39348,-116.23279374718621,0,3.1117589473724365,0.626194,
40000,,,5.064859390258789,0.62,0.0
40222,-132.75833292641403,0,2.473909854888916,0.617891,
40583,-131.0846970309197,0,2.8583908081054688,0.6144615,
41307,-119.55812840485737,0,1.0375745296478271,0.6075835,
42302,-127.58038074319853,0,2.2980239391326904,0.598131,
42982,-112.76390348865112,0,1.2489185333251953,0.5916710000000001,
43604,-109.66056444094329,0,2.047502040863037,0.5857620000000001,
43861,-130.15297784758778,0,1.1278886795043945,0.5833205,
44367,-120.54058640103477,0,2.196727991104126,0.5785135,
45093,-127.84074847513321,0,2.330014228820801,0.5716165,
45373,-133.16956540685698,0,1.889051914215088,0.5689565,
45794,-125.8132161723092,0,2.4976038932800293,0.5649569999999999,
46732,-103.20750904123483,0,6.507150173187256,0.556046,
47345,-124.29007969497863,0,1.260657787322998,0.5502225000000001,
47711,-125.26686401834291,0,1.038060188293457,0.5467455000000001,
48130,-128.73558130525277,0,0.839178204536438,0.5427649999999999,
49366,-121.16503352638429,0,2.2020604610443115,0.531023,
49977,-124.48449533943797,0,0.9524068832397461,0.5252185,
50594,-115.39241392974952,0,1.4743748903274536,0.5193570000000001,
51029,-131.9035242024703,0,0.681890606880188,0.5152245,
52077,-116.34431202616497,0,1.2481303215026855,0.5052685000000001,
52988,-124.32081437449082,0,1.618152141571045,0.496614,
53538,-129.91060046082669,0,2.001417875289917,0.4913890000000001,
54437,-126.94128043339825,0,0.49736374616622925,0.4828485,
55023,-124.1297832699366,0,0.8610948324203491,0.4772815,
55724,-128.10027546500788,0,2.232731819152832,0.4706220000000001,
56617,-123.94414566022263,0,1.2945315837860107,0.4621385000000001,
57218,-121.25466134149337,0,1.9414100646972656,0.456429,
57533,-130.6490997273866,0,1.100254774093628,0.4534365,
58172,-124.30121766752042,0,0.6073819994926453,0.44736600000000004,
59225,-107.51074265994092,0,0.6717497110366821,0.4373625,
59534,-130.77631302980524,0,0.5889402031898499,0.434427,
60000,,,2.596095323562622,0.43000000000000005,0.0
60701,-120.24796897587999,0,2.342137336730957,0.4233405,
61345,-109.63438082079587,0,0.763596773147583,0.41722249999999994,
62000,-115.40447217539608,0,0.5939090847969055,0.41100000000000003,
62871,-117.57032708721349,0,2.646282196044922,0.40272550000000007,
63632,-113.9567309745351,0,0.705747127532959,0.39549600000000007,
64436,-123.4504094628758,0,1.8317900896072388,0.38785800000000004,
65070,-127.9627229837827,0,1.3306076526641846,0.38183500000000004,
65903,-129.4474220148312,0,1.4522225856781006,0.3739215,
66728,-114.50441414947215,0,1.7840793132781982,0.3660840000000001,
66972,-133.1147878840734,0,1.6923863887786865,0.36376600000000003,
67311,-130.9460905219483,0,1.1818220615386963,0.3605455000000001,
67851,-120.76707681496369,0,0.9216078519821167,0.3554155000000001,
68858,-125.06520309905684,0,1.7278482913970947,0.3458490000000001,
70278,-126.19308868182293,0,1.1058213710784912,0.33235900000000007,
70911,-121.19914378964292,0,0.9920087456703186,0.32634550000000007,
72319,-107.78168826909453,0,1.1132619380950928,0.3129695,
73422,-108.06726493980787,0,1.4403709173202515,0.30249100000000007,
74171,-113.66503263190928,0,0.8754041194915771,0.2953755,
75723,-124.3433370933491,0,2.1156389713287354,0.28063150000000003,
76156,-126.01028781057144,0,1.1295760869979858,0.27651800000000004,
77828,-4.065038720735984,106,2.6974973678588867,0.26063400000000003,
78906,-107.83564209105629,0,1.1840016841888428,0.2503930000000001,
79915,-113.01289709759459,0,1.7053022384643555,0.24080750000000006,
80000,,,1.2496120929718018,0.24,0.0
80413,-129.4849051886946,0,1.562224268913269,0.23607650000000002,
81267,-111.52879671526647,0,1.0453691482543945,0.22796349999999999,
83087,6.630373688290703,127,1.0372564792633057,0.21067350000000007,
84150,-110.51597543417842,0,1.2017301321029663,0.20057500000000006,
85628,-114.24164349429489,0,1.3762528896331787,0.18653399999999998,
86912,-112.23190781878662,0,1.5266799926757812,0.17433600000000005,
88361,-114.39224057544442,0,1.3143296241760254,0.16057050000000006,
89085,-125.56805025163531,0,1.5833282470703125,0.1536925,
89525,-125.80122627835749,0,0.9154818058013916,0.14951250000000005,
90044,-120.5675821893255,0,1.215469241142273,0.144582,
91065,-110.38244275798165,0,0.635591447353363,0.13488250000000013,
91715,-121.97826337666635,0,1.3762247562408447,0.12870749999999997,
92567,-111.67006245914038,0,1.4003002643585205,0.12061350000000004,
93766,-105.50647982557241,0,1.58163321018219,0.10922299999999996,
94172,-128.4310122762147,0,0.9410043954849243,0.10536600000000007,
94579,-125.5427819758369,0,2.7678351402282715,0.10149950000000008,
96536,-6.407386203597142,106,0.9643128514289856,0.08290800000000009,
98698,3.84339816579417,103,1.0132635831832886,0.06236900000000012,
99318,-115.76767876687522,0,0.986388623714447,0.05647900000000006,
100000,,,0.8834578394889832,0.050000000000000044,0.0
100301,-118.78148331774194,0,1.8427802324295044,0.050000000000000044,
101159,-117.71246649600951,0,1.9729621410369873,0.050000000000000044,
102007,-114.65696588477988,0,1.1841113567352295,0.050000000000000044,
102916,-121.1191177563513,0,2.9120678901672363,0.050000000000000044,
103704,-116.93544644665852,0,2.715790271759033,0.050000000000000044,
104188,-126.34533780716077,0,0.8489376902580261,0.050000000000000044,
104710,-123.57481648157065,0,1.429764986038208,0.050000000000000044,
106339,-6.4749683382338645,118,1.0530592203140259,0.050000000000000044,
107068,-107.58650023515307,0,1.5014936923980713,0.050000000000000044,
107785,-119.48195193019033,0,1.2828121185302734,0.050000000000000044,
108472,-125.09755762686245,0,1.7164716720581055,0.050000000000000044,
109717,-117.98945793702745,0,0.804632842540741,0.050000000000000044,
110307,-118.32719935761975,0,2.0447208881378174,0.050000000000000044,
110889,-124.32666990902646,0,2.2707693576812744,0.050000000000000044,
111409,-126.8274170207896,0,0.8688533306121826,0.050000000000000044,
112827,-129.29030513051833,0,2.4258575439453125,0.050000000000000044,
113420,-121.0270711439704,0,1.597174048423767,0.050000000000000044,
115835,-119.74881982272859,0,1.170361042022705,0.050000000000000044,
117002,-123.70175225273563,0,1.6203150749206543,0.050000000000000044,
118448,-113.98765402523051,0,1.3266322612762451,0.050000000000000044,
119340,-123.99889157825457,0,2.5063586235046387,0.050000000000000044,
119765,-122.77833997162995,0,0.8692340850830078,0.050000000000000044,
120000,,,0.945985734462738,0.050000000000000044,0.0
120756,-109.78322371871018,0,1.2639589309692383,0.050000000000000044,
121244,-123.15351974337315,0,1.3889620304107666,0.050000000000000044,
121898,-106.7169101520502,0,0.9201259613037109,0.050000000000000044,
122345,-128.90773402466095,0,0.4919198453426361,0.050000000000000044,
122874,-117.56694483944906,0,1.827793002128601,0.050000000000000044,
123332,-120.14853684177987,0,2.2372076511383057,0.050000000000000044,
123974,-106.61568574664105,0,1.9790263175964355,0.050000000000000044,
124143,-132.51574560180723,0,2.526348352432251,0.050000000000000044,
124394,-124.19407951947665,0,0.512468159198761,0.050000000000000044,
124738,-118.89240789302136,0,1.9192745685577393,0.050000000000000044,
124972,-130.1301084187305,0,1.4210758209228516,0.050000000000000044,
125452,-108.42776162259992,0,1.5349599123001099,0.050000000000000044,
126156,-128.19204297307124,0,1.9411084651947021,0.050000000000000044,
126517,-125.22059721845883,0,1.0267833471298218,0.050000000000000044,
127104,-124.01199385953065,0,1.4908652305603027,0.050000000000000044,
127269,-132.42902669434955,0,2.0411086082458496,0.050000000000000044,
127697,-122.72453854853644,0,2.5238707065582275,0.050000000000000044,
127878,-126.62990561755291,0,0.8950907588005066,0.050000000000000044,
128403,-108.73690445471686,0,1.7932627201080322,0.050000000000000044,
128695,-118.60468850684634,0,1.3400731086730957,0.050000000000000044,
129272,-102.99134435135042,0,1.9206165075302124,0.050000000000000044,
129660,-125.62374867008306,0,2.652907371520996,0.050000000000000044,
129825,-132.4256536536422,0,3.570460796356201,0.050000000000000044,
130099,-127.40031546329712,0,1.091679334640503,0.050000000000000044,
130465,-125.17786451135738,0,1.1424845457077026,0.050000000000000044,
130781,-127.72262446726637,0,2.1347432136535645,0.050000000000000044,
131982,42.30418611082018,118,2.2819137573242188,0.050000000000000044,
132314,-118.91315313251741,0,2.681506633758545,0.050000000000000044,
132783,-120.2332913948591,0,2.3683154582977295,0.050000000000000044,
133143,-128.2805433412485,0,2.783369541168213,0.050000000000000044,
133526,-119.26207433917425,0,2.4403748512268066,0.050000000000000044,
133757,-129.92839531456605,0,3.2877955436706543,0.050000000000000044,
134208,-128.95196204621868,0,5.6094255447387695,0.050000000000000044,
134845,-124.76779497025638,0,1.5142853260040283,0.050000000000000044,
135060,-129.92153332533485,0,0.9689120054244995,0.050000000000000044,
135489,-125.95285750762542,0,2.335847854614258,0.050000000000000044,
135719,-127.12276874131373,0,0.7269610166549683,0.050000000000000044,
136954,-115.40468146635493,0,0.8121390342712402,0.050000000000000044,
137452,-114.22249309062715,0,4.753416061401367,0.050000000000000044,
137985,-105.64396687740182,0,1.0084043741226196,0.050000000000000044,
138236,-124.11869538124424,0,3.647217273712158,0.050000000000000044,
139514,-0.7014698056403432,103,0.8498700857162476,0.050000000000000044,
140000,,,2.3291430473327637,0.050000000000000044,0.0
140079,-120.88647338093406,0,2.6510400772094727,0.050000000000000044,
140930,-114.52721066366377,0,2.9891600608825684,0.050000000000000044,
141362,-125.91824182903225,0,1.8560198545455933,0.050000000000000044,
142596,-108.76799118754025,0,1.8288164138793945,0.050000000000000044,
143390,-129.12818076177103,0,2.785224199295044,0.050000000000000044,
144203,-114.5924873770916,0,1.5825886726379395,0.050000000000000044,
144681,-120.36810643283661,0,3.536858081817627,0.050000000000000044,
145182,-120.64548478133251,0,2.1759119033813477,0.050000000000000044,
145476,-121.64257232366327,0,1.9472582340240479,0.050000000000000044,
145637,-129.4523161334672,0,1.0015065670013428,0.050000000000000044,
146051,-125.88324904746432,0,1.625525712966919,0.050000000000000044,
146537,-129.59140298177473,0,1.1985591650009155,0.050000000000000044,
146942,-116.51000798748451,0,1.462808609008789,0.050000000000000044,
147286,-125.1879693186794,0,2.5871691703796387,0.050000000000000044,
147499,-129.95460933191387,0,1.4177212715148926,0.050000000000000044,
148024,-120.7635713690729,0,1.9466452598571777,0.050000000000000044,
148238,-129.92482883185463,0,1.934118628501892,0.050000000000000044,
148878,-109.80872990120342,0,1.07448148727417,0.050000000000000044,
149253,-116.16055519818507,0,3.007794141769409,0.050000000000000044,
149929,-116.25924368850437,0,1.7964590787887573,0.050000000000000044,
150405,-117.2995584677606,0,1.0358753204345703,0.050000000000000044,
150911,-99.29820394974857,0,2.6936588287353516,0.050000000000000044,
151427,-123.48783245870524,0,0.8509658575057983,0.050000000000000044,
152012,-127.29907854129901,0,1.050842523574829,0.050000000000000044,
152717,-116.48417246936475,0,0.6279711127281189,0.050000000000000044,
153508,-111.22818553977146,0,0.6944923996925354,0.050000000000000044,
153970,-114.17973283378512,0,0.5735920071601868,0.050000000000000044,
154234,-127.45089904194668,0,2.5348236560821533,0.050000000000000044,
154644,-116.83961270882617,0,1.8712490797042847,0.050000000000000044,
155218,-115.0840764846985,0,2.885542392730713,0.050000000000000044,
155399,-132.63434406497495,0,1.7388637065887451,0.050000000000000044,
155700,-124.8225577170603,0,2.5284876823425293,0.050000000000000044,
156108,-122.59550201347444,0,0.983005940914154,0.050000000000000044,
156730,-106.5910641770693,0,3.0603795051574707,0.050000000000000044,
157454,22.7536263248287,112,0.8757364749908447,0.050000000000000044,
157891,-113.96499055802713,0,1.8725745677947998,0.050000000000000044,
159050,-2.605442677832741,103,2.9063949584960938,0.050000000000000044,
159541,-120.50611799575617,0,1.1082217693328857,0.050000000000000044,
159958,-125.88073016658609,0,1.82606840133667,0.050000000000000044,
160000,,,0.37438303232192993,0.050000000000000044,0.0
160324,-128.41065257389167,0,1.051889181137085,0.050000000000000044,
161063,-104.37973467580866,0,3.4713191986083984,0.050000000000000044,
161567,-120.72278749534723,0,3.8989343643188477,0.050000000000000044,
161823,-121.2423869323874,0,3.1071929931640625,0.050000000000000044,
162208,-116.49213643392875,0,3.883748769760132,0.050000000000000044,
162819,-115.48565425487533,0,0.9429061412811279,0.050000000000000044,
163276,-117.1164649335636,0,5.84116792678833,0.050000000000000044,
163638,-125.22343124936563,0,1.2186791896820068,0.050000000000000044,
163979,-122.09618888402449,0,1.2905410528182983,0.050000000000000044,
164303,-112.6899628820957,0,1.8303717374801636,0.050000000000000044,
164597,-124.72205879566681,0,2.70894193649292,0.050000000000000044,
165384,-116.78759078886861,0,0.6740710735321045,0.050000000000000044,
165830,-119.68730418019106,0,2.26064395904541,0.050000000000000044,
166381,-120.86866050993567,0,2.669929027557373,0.050000000000000044,
166971,-106.06599535572994,0,1.367030143737793,0.050000000000000044,
167448,-117.17496727459553,0,2.5584707260131836,0.050000000000000044,
167936,-120.3601406726709,0,2.065927028656006,0.050000000000000044,
168231,-127.65969535150694,0,4.122888565063477,0.050000000000000044,
169056,-111.78816867743839,0,1.0053757429122925,0.050000000000000044,
169384,-122.04048669924097,0,3.718294858932495,0.050000000000000044,
169984,-106.31838926373115,0,1.8893084526062012,0.050000000000000044,
170458,-126.50398727467933,0,0.9131431579589844,0.050000000000000044,
171080,-109.62675794185553,0,1.611433744430542,0.050000000000000044,
171449,-122.31983781600255,0,1.9315307140350342,0.050000000000000044,
172400,-106.59476259381886,0,1.486022710800171,0.050000000000000044,
172773,-119.33899200365957,0,1.1464293003082275,0.050000000000000044,
173288,-114.76199496185595,0,1.2447803020477295,0.050000000000000044,
173520,-127.1491189424554,0,1.786543846130371,0.050000000000000044,
173961,-117.0265047978372,0,2.1372907161712646,0.050000000000000044,
174869,-121.52413011098827,0,2.7622251510620117,0.050000000000000044,
175118,-127.31034405133283,0,0.650316059589386,0.050000000000000044,
175750,-121.75555711837086,0,1.0698964595794678,0.050000000000000044,
176356,-115.34991959146421,0,0.6201919317245483,0.050000000000000044,
177217,-111.6003740187836,0,1.129453182220459,0.050000000000000044,
177831,-109.54604685020306,0,3.6361875534057617,0.050000000000000044,
178251,-125.85035431331517,0,2.3917622566223145,0.050000000000000044,
179194,-103.19456456281972,0,1.4614804983139038,0.050000000000000044,
179865,-100.98851280102342,0,1.315284252166748,0.050000000000000044,
180000,,,1.6719034910202026,0.050000000000000044,0.0
180229,-116.31906949031148,0,0.880790114402771,0.050000000000000044,
180598,-125.35230869610159,0,2.35560941696167,0.050000000000000044,
181018,-104.73757013150859,0,2.1898648738861084,0.050000000000000044,
181364,-119.15053821777019,0,1.8967399597167969,0.050000000000000044,
181770,-116.53229964353679,0,1.8312972784042358,0.050000000000000044,
182404,-106.72591921696817,0,1.7963342666625977,0.050000000000000044,
182876,-126.14336813033961,0,1.4895386695861816,0.050000000000000044,
183224,-122.0325336752156,0,1.4579188823699951,0.050000000000000044,
183978,-101.53435660081064,0,1.7528574466705322,0.050000000000000044,
184389,-119.66391165604287,0,0.8322712182998657,0.050000000000000044,
184848,-117.12420320435211,0,1.8587627410888672,0.050000000000000044,
185359,-114.40451631115856,0,1.4877572059631348,0.050000000000000044,
185528,-132.50693285022086,0,0.8927701115608215,0.050000000000000044,
186028,-120.43217706682802,0,0.9697299003601074,0.050000000000000044,
186745,-119.57156744221561,0,1.1676477193832397,0.050000000000000044,
187464,-101.5207271017088,0,1.018430471420288,0.050000000000000044,
188587,6.9699355949117745,103,0.7525324821472168,0.050000000000000044,
189672,-107.87572473932755,0,1.0406672954559326,0.050000000000000044,
190506,-105.31540696672859,0,1.72175931930542,0.050000000000000044,
191280,-102.01432742884859,0,0.44101136922836304,0.050000000000000044,
191990,1.901788598207247,106,0.7631692886352539,0.050000000000000044,
192389,-122.48659159336103,0,1.4310601949691772,0.050000000000000044,
192844,-114.09377769874838,0,3.305079221725464,0.050000000000000044,
193341,-126.54765481774737,0,2.229388952255249,0.050000000000000044,
193703,-110.19117051272616,0,0.9512263536453247,0.050000000000000044,
194848,-105.03207922613433,0,1.6487712860107422,0.050000000000000044,
195308,-117.10833546583842,0,1.5691571235656738,0.050000000000000044,
195905,-118.33994125453853,0,2.1228766441345215,0.050000000000000044,
196784,-112.09255287246253,0,0.7016107439994812,0.050000000000000044,
197149,-116.14193580461858,0,1.282011866569519,0.050000000000000044,
197704,-114.8999247177081,0,0.6889408230781555,0.050000000000000044,
198176,-114.14462837908104,0,2.084658145904541,0.050000000000000044,
199270,19.660450636043663,103,4.7532639503479,0.050000000000000044,
199876,-100.43700271719126,0,0.39437335729599,0.050000000000000044,
200000,,,1.9095485210418701,0.050000000000000044,0.0
201379,6.532844469579459,109,1.3619405031204224,0.050000000000000044,
202066,-110.11280572779002,0,1.5919532775878906,0.050000000000000044,
203091,-103.95323826762929,0,2.0271191596984863,0.050000000000000044,
204236,-123.5795259711521,0,1.3639612197875977,0.050000000000000044,
204481,-124.10079711609008,0,1.9263054132461548,0.050000000000000044,
205069,-121.27703978173801,0,1.170203447341919,0.050000000000000044,
205491,-122.6856700153917,0,1.0209940671920776,0.050000000000000044,
206569,-123.02242885692246,0,1.0959324836730957,0.050000000000000044,
207237,-106.64099399596061,0,2.075042724609375,0.050000000000000044,
207570,-124.91730174551688,0,1.51102876663208,0.050000000000000044,
208239,-116.07014084460445,0,2.1817116737365723,0.050000000000000044,
209236,-104.10609564738635,0,2.6752729415893555,0.050000000000000044,
209852,-124.471587956892,0,2.4173760414123535,0.050000000000000044,
210616,-113.46416816973755,0,1.6888105869293213,0.050000000000000044,
211261,-103.60200107750842,0,1.4532451629638672,0.050000000000000044,
211619,-122.23378453190294,0,2.762716293334961,0.050000000000000044,
212328,-107.20836837891457,0,1.8808925151824951,0.050000000000000044,
212744,-125.57942627061078,0,1.1610479354858398,0.050000000000000044,
213346,-109.30570913182726,0,0.5385559797286987,0.050000000000000044,
214025,-103.92268874690136,0,0.6492650508880615,0.050000000000000044,
214892,3.4873669239901517,103,1.7466627359390259,0.050000000000000044,
215247,-122.14634790217436,0,0.652927041053772,0.050000000000000044,
215781,-117.77608941233473,0,1.023983359336853,0.050000000000000044,
216188,-125.49538609050009,0,0.9374751448631287,0.050000000000000044,
216785,-109.44110100816947,0,1.36556077003479,0.050000000000000044,
217422,-130.4351824680425,0,1.578672170639038,0.050000000000000044,
218455,-113.57656957326,0,1.9789212942123413,0.050000000000000044,
219271,-114.05680594268958,0,0.9588402509689331,0.050000000000000044,
219831,-102.9759892378352,0,0.7366421818733215,0.050000000000000044,
220000,,,1.8397607803344727,0.050000000000000044,13.15
220309,-108.02226440405073,0,0.6346637606620789,0.050000000000000044,
220837,-114.61855718176564,0,1.9380793571472168,0.050000000000000044,
221650,-108.21654598925396,0,1.734950065612793,0.050000000000000044,
222049,-125.58656580358962,0,0.8598406314849854,0.050000000000000044,
223199,-120.74495803081422,0,1.368924617767334,0.050000000000000044,
223920,-113.2506239182849,0,0.47728168964385986,0.050000000000000044,
224314,-122.33703102497074,0,0.9213720560073853,0.050000000000000044,
224814,-105.38672119435205,0,1.6035982370376587,0.050000000000000044,
225427,-103.4210306739363,0,2.152132511138916,0.050000000000000044,
226033,-112.49980899109948,0,1.2074284553527832,0.050000000000000044,
226473,-125.78017515574555,0,1.069094181060791,0.050000000000000044,
226989,-102.40677050660415,0,1.6485884189605713,0.050000000000000044,
227393,-113.6318792456064,0,1.2616465091705322,0.050000000000000044,
228036,-109.85069195026733,0,1.9439599514007568,0.050000000000000044,
228264,-127.06121242779642,0,1.187117576599121,0.050000000000000044,
229344,-110.49469413703257,0,1.6297680139541626,0.050000000000000044,
229888,-120.96971598071914,0,0.7757682800292969,0.050000000000000044,
230562,-100.73114131380072,0,1.2568697929382324,0.050000000000000044,
231697,-119.99286341626137,0,1.7331962585449219,0.050000000000000044,
232272,-112.00023199591433,0,1.7284049987792969,0.050000000000000044,
232573,-127.60393415600825,0,1.0309054851531982,0.050000000000000044,
233080,-108.4386730540768,0,0.7997363209724426,0.050000000000000044,
234034,-106.39402459429496,0,2.378420829772949,0.050000000000000044,
234381,-121.93732007530673,0,2.6259469985961914,0.050000000000000044,
235204,0.5943847800639332,124,1.7743972539901733,0.050000000000000044,
236482,2.8860409743806485,106,3.385615348815918,0.050000000000000044,
237796,8.143493159732827,103,0.4514842629432678,0.050000000000000044,
238332,-114.80723336729113,0,0.899182915687561,0.050000000000000044,
238624,-124.75199789696251,0,2.477842330932617,0.050000000000000044,
239041,-116.68099039456402,0,0.9216320514678955,0.050000000000000044,
239964,-118.12648797646736,0,1.8133971691131592,0.050000000000000044,
240000,,,1.3354322910308838,0.050000000000000044,18.0
240445,-111.5544494785427,0,0.9197213649749756,0.050000000000000044,
240678,-130.13259594693702,0,2.4000091552734375,0.050000000000000044,
241048,-119.26380766518726,0,1.1208789348602295,0.050000000000000044,
241275,-126.89986535542185,0,1.0282541513442993,0.050000000000000044,
241618,-125.04617847660934,0,1.162158489227295,0.050000000000000044,
242500,-111.7985736405074,0,1.0905834436416626,0.050000000000000044,
242993,-108.06299106288766,0,2.662693738937378,0.050000000000000044,
243276,-127.47047163893888,0,2.3205318450927734,0.050000000000000044,
243908,-112.32774786967067,0,2.235248565673828,0.050000000000000044,
244348,-107.59103702997606,0,1.6802369356155396,0.050000000000000044,
244625,-127.56403951937035,0,1.321664810180664,0.050000000000000044,
245431,-114.52293604351011,0,2.263880491256714,0.050000000000000044,
246115,-122.25389702263158,0,0.9056624174118042,0.050000000000000044,
246515,-119.4699928778858,0,1.1929031610488892,0.050000000000000044,
247115,-118.4442112496377,0,2.4660146236419678,0.050000000000000044,
247597,-111.01016647925907,0,1.5727311372756958,0.050000000000000044,
248264,-109.87412082566848,0,1.9891631603240967,0.050000000000000044,
248686,-116.83953290849502,0,1.1756296157836914,0.050000000000000044,
249196,-123.74025076871698,0,1.2215907573699951,0.050000000000000044,
249856,-118.92421755510361,0,1.6095976829528809,0.050000000000000044,
250371,-117.40757245272371,0,1.3542425632476807,0.050000000000000044,
251067,-115.92628265798032,0,1.165662169456482,0.050000000000000044,
251631,-102.76367400966275,0,1.0920085906982422,0.050000000000000044,
252293,-115.7439455990286,0,1.869633436203003,0.050000000000000044,
252675,-122.19939810732603,0,0.8566250801086426,0.050000000000000044,
253279,-106.04842495288548,0,0.7006466388702393,0.050000000000000044,
254072,-105.08830400573657,0,2.461236000061035,0.050000000000000044,
254332,-121.30431841325753,0,1.713701844215393,0.050000000000000044,
254851,-117.53920478305497,0,1.9509384632110596,0.050000000000000044,
255486,-103.75345656759808,0,1.9710102081298828,0.050000000000000044,
256039,-117.78457973209298,0,1.7457914352416992,0.050000000000000044,
256535,-114.58503524817428,0,1.5704151391983032,0.050000000000000044,
257079,-111.61303581564782,0,1.2226204872131348,0.050000000000000044,
257663,-109.2665347909249,0,1.792972445487976,0.050000000000000044,
258413,-104.65736726320102,0,0.6775014996528625,0.050000000000000044,
259396,-116.3515897561596,0,1.6150507926940918,0.050000000000000044,
260000,,,0.5263594388961792,0.050000000000000044,11.95
260637,-117.6101918730788,0,1.1024465560913086,0.050000000000000044,
261010,-128.3230096727865,0,1.4252185821533203,0.050000000000000044,
261452,-122.77543888508303,0,1.1210960149765015,0.050000000000000044,
261809,-122.23246550467341,0,0.5806242227554321,0.050000000000000044,
263635,30.24232867059176,109,3.48356032371521,0.050000000000000044,
265213,-109.00170637120215,0,0.4360705018043518,0.050000000000000044,
266064,3.4853832330212384,130,1.4310269355773926,0.050000000000000044,
266882,-117.60736582402981,0,0.9876430630683899,0.050000000000000044,
267182,-121.64651240086488,0,0.7094473838806152,0.050000000000000044,
268403,-2.5173893802563327,103,1.2289409637451172,0.050000000000000044,
269012,-109.5736547938449,0,2.021721363067627,0.050000000000000044,
269824,-108.55863133351362,0,1.4798908233642578,0.050000000000000044,
270463,-118.91174305275645,0,0.143011212348938,0.050000000000000044,
271392,-103.3479307305132,0,0.9791659712791443,0.050000000000000044,
271838,-122.92154016667004,0,0.5580488443374634,0.050000000000000044,
272423,-121.2487783766132,0,0.6043195724487305,0.050000000000000044,
272706,-121.5073968915493,0,1.176978588104248,0.050000000000000044,
273420,-116.41795987436339,0,1.0454124212265015,0.050000000000000044,
273623,-132.87616056553617,0,1.968152642250061,0.050000000000000044,
274059,-116.94626153000645,0,0.6794092655181885,0.050000000000000044,
274377,-130.89730011881704,0,1.034143090248108,0.050000000000000044,
275282,-108.75564187223425,0,0.3543950915336609,0.050000000000000044,
275860,-121.23361427878496,0,1.8970911502838135,0.050000000000000044,
276705,-117.82952220840116,0,0.4599641263484955,0.050000000000000044,
277267,-115.1623101051668,0,1.9813469648361206,0.050000000000000044,
277990,-116.53234246696098,0,1.5626076459884644,0.050000000000000044,
278385,-122.52144464724054,0,1.4351789951324463,0.050000000000000044,
279037,-115.82853418473519,0,1.6050368547439575,0.050000000000000044,
280000,,,1.6703978776931763,0.050000000000000044,0.0
280210,-105.73954456651806,0,4.835656642913818,0.050000000000000044,
281634,3.948253831291865,106,2.616363048553467,0.050000000000000044,
282207,-112.0611404496683,0,1.2578825950622559,0.050000000000000044,
282754,-106.19676230087177,0,0.7953417301177979,0.050000000000000044,
283568,-102.32063043354378,0,1.4228194952011108,0.050000000000000044,
284827,20.655056761763447,106,1.4340006113052368,0.050000000000000044,
285603,-104.98995434190384,0,1.2677327394485474,0.050000000000000044,
285920,-124.67381996802425,0,1.521906852722168,0.050000000000000044,
287813,-114.32210719974492,0,1.2507665157318115,0.050000000000000044,
288307,-111.17866323038768,0,1.6984357833862305,0.050000000000000044,
288817,-120.69906888802186,0,2.5303139686584473,0.050000000000000044,
289416,-115.44657155181321,0,0.844833493232727,0.050000000000000044,
290038,-118.48740012450435,0,0.5008548498153687,0.050000000000000044,
291198,-108.45687079178694,0,2.37233304977417,0.050000000000000044,
291478,-127.51289289263855,0,1.0653668642044067,0.050000000000000044,
292029,-111.99711323006511,0,1.5410866737365723,0.050000000000000044,
292987,-103.54208979553039,0,1.59743332862854,0.050000000000000044,
293927,-103.08270706631298,0,1.0095300674438477,0.050000000000000044,
294648,-107.15254846182629,0,0.7534507513046265,0.050000000000000044,
295139,-117.16610351415895,0,1.0525044202804565,0.050000000000000044,
295845,-101.1705279497937,0,1.390181303024292,0.050000000000000044,
296533,-125.22947964715289,0,0.4287870526313782,0.050000000000000044,
297059,-111.26852205619996,0,1.7647206783294678,0.050000000000000044,
298484,13.865880001854038,109,1.898014783859253,0.050000000000000044,
299164,-112.87598013718603,0,0.43849411606788635,0.050000000000000044,
300000,,,0.8649963140487671,0.050000000000000044,11.2
300484,11.663378599418778,148,0.37424781918525696,0.050000000000000044,
300969,-117.12918653735325,0,0.5572253465652466,0.050000000000000044,
301916,-103.390466821807,0,1.106938123703003,0.050000000000000044,
303092,-105.56119413818406,0,0.6046071648597717,0.050000000000000044,
303680,-123.91189117742753,0,0.3543517291545868,0.050000000000000044,
304253,-117.78182490859027,0,1.9698835611343384,0.050000000000000044,
305561,-106.25924006306585,0,1.270035982131958,0.050000000000000044,
306201,-112.43417198088446,0,1.926571249961853,0.050000000000000044,
307216,-103.41319798762025,0,0.24894991517066956,0.050000000000000044,
307910,-113.3583983278096,0,2.642958402633667,0.050000000000000044,
308443,-120.54929890308802,0,1.6815032958984375,0.050000000000000044,
310008,-4.673807048923138,109,0.9903489947319031,0.050000000000000044,
311114,-104.93833566979882,0,0.09689296782016754,0.050000000000000044,
311781,-100.87811541077737,0,0.9836751222610474,0.050000000000000044,
311958,-132.53316375626792,0,2.9949569702148438,0.050000000000000044,
312519,-112.08588457664247,0,1.463633418083191,0.050000000000000044,
313045,-105.63119737051686,0,0.6772710084915161,0.050000000000000044,
313595,-123.45819155951199,0,0.49476414918899536,0.050000000000000044,
313772,-132.69239516635795,0,0.7061232924461365,0.050000000000000044,
314775,4.917219535637344,121,1.0106103420257568,0.050000000000000044,
315172,-125.33804663407284,0,1.4810718297958374,0.050000000000000044,
315424,-130.31017048487618,0,0.5188229084014893,0.050000000000000044,
315905,-114.32533601506226,0,0.9977231621742249,0.050000000000000044,
316778,-102.69387557908846,0,0.3965113162994385,0.050000000000000044,
317498,-104.33074340709778,0,1.5892467498779297,0.050000000000000044,
317709,-129.7419348390952,0,1.1342675685882568,0.050000000000000044,
318075,-118.9216679530252,0,0.3398067355155945,0.050000000000000044,
318915,-102.4561575769151,0,0.494024395942688,0.050000000000000044,
319265,-116.09199612242557,0,0.9459132552146912,0.050000000000000044,
319724,-120.11138213433473,0,1.1033719778060913,0.050000000000000044,
320000,,,1.1578786373138428,0.050000000000000044,17.25
320287,-111.8024828532254,0,0.38341861963272095,0.050000000000000044,
321318,7.965746996778861,115,0.5412142276763916,0.050000000000000044,
322078,-116.56434417387638,0,0.9545077085494995,0.050000000000000044,
323149,-110.60386046035909,0,1.0648123025894165,0.050000000000000044,
323431,-127.45861379650728,0,0.5733672380447388,0.050000000000000044,
323783,-125.0223512002658,0,0.31254494190216064,0.050000000000000044,
324539,-113.66941450068107,0,0.4750814735889435,0.050000000000000044,
325771,27.50929086809957,103,1.4040708541870117,0.050000000000000044,
326551,-116.85167803878144,0,0.4601087272167206,0.050000000000000044,
327334,-105.04633014475102,0,1.9348132610321045,0.050000000000000044,
327553,-129.92505834735405,0,0.9513583779335022,0.050000000000000044,
328793,-2.8920194237888097,124,0.7801700830459595,0.050000000000000044,
329447,-100.61808237962262,0,1.6216347217559814,0.050000000000000044,
330009,3.139877492499693,103,0.3612251281738281,0.050000000000000044,
330445,-122.74113524036727,0,0.7866533398628235,0.050000000000000044,
330843,-122.72810727281586,0,0.954911470413208,0.050000000000000044,
332161,14.823292932773384,103,0.6994903087615967,0.050000000000000044,
333201,-119.16521797325191,0,0.37228143215179443,0.050000000000000044,
333835,-109.32879131412608,0,0.8888804912567139,0.050000000000000044,
335080,-109.07744198920777,0,0.8100550174713135,0.050000000000000044,
336391,-106.406780585712,0,0.349373996257782,0.050000000000000044,
336797,-122.4874898006716,0,1.014294147491455,0.050000000000000044,
337583,-116.44884693128697,0,0.4997759759426117,0.050000000000000044,
338046,-111.14959792645213,0,0.28353559970855713,0.050000000000000044,
338994,-0.35650888784442714,118,0.8375566005706787,0.050000000000000044,
340000,,,1.4587767124176025,0.050000000000000044,16.05
340049,-112.79918500051414,0,0.37185484170913696,0.050000000000000044,
340572,-117.70541195566395,0,0.3254006505012512,0.050000000000000044,
340954,-125.16370000841297,0,0.6301363706588745,0.050000000000000044,
341202,-127.10712241857937,0,0.3429623246192932,0.050000000000000044,
342030,22.32818878802746,118,0.864237368106842,0.050000000000000044,
342455,-119.61714238391014,0,1.0952301025390625,0.050000000000000044,
343593,-107.88470636311968,0,1.7099995613098145,0.050000000000000044,
344125,-117.31557461074026,0,0.9278518557548523,0.050000000000000044,
344513,-128.07579538386898,0,0.5417307615280151,0.050000000000000044,
345330,-101.43020086946277,0,1.2583062648773193,0.050000000000000044,
345702,-125.14915771670512,0,0.6551157236099243,0.050000000000000044,
346539,-116.93398201963439,0,0.429863840341568,0.050000000000000044,
346928,-113.33748040503775,0,0.6607958674430847,0.050000000000000044,
347822,-105.94115013227864,0,2.483828067779541,0.050000000000000044,
348979,-108.24843333882973,0,1.0197882652282715,0.050000000000000044,
349959,-112.51903348521452,0,0.3990733027458191,0.050000000000000044,
351063,-107.43468121999088,0,1.4188988208770752,0.050000000000000044,
351706,-106.9358838595179,0,0.8147687911987305,0.050000000000000044,
352544,4.10590986772344,106,1.0660210847854614,0.050000000000000044,
352784,-130.1823051129339,0,0.5930401086807251,0.050000000000000044,
353189,-107.19635911309375,0,0.20989733934402466,0.050000000000000044,
354074,-126.60340232831233,0,0.8756917715072632,0.050000000000000044,
354575,-111.23489443631554,0,0.6961246728897095,0.050000000000000044,
355221,-115.50959234483199,0,2.0174713134765625,0.050000000000000044,
356358,7.240616832966296,106,0.8056330680847168,0.050000000000000044,
357271,-106.22572415461246,0,0.9494653344154358,0.050000000000000044,
357897,-121.58769107444044,0,0.601180911064148,0.050000000000000044,
358529,-118.58330953963693,0,0.5334704518318176,0.050000000000000044,
358753,-130.00838894667254,0,0.2982085943222046,0.050000000000000044,
359056,-124.53596829353364,0,0.5685994625091553,0.050000000000000044,
359689,-115.54239869038594,0,0.12069526314735413,0.050000000000000044,
360000,,,1.216321349143982,0.050000000000000044,22.1
360369,-113.07910383289067,0,0.06940679997205734,0.050000000000000044,
361155,-120.06544523172718,0,0.8628059029579163,0.050000000000000044,
361762,-127.56135842758874,0,0.7503417730331421,0.050000000000000044,
362867,-107.80225730382736,0,0.9311633110046387,0.050000000000000044,
363380,-126.56898838440459,0,0.46299856901168823,0.050000000000000044,
363681,-127.8195056073308,0,0.7015335559844971,0.050000000000000044,
364103,-110.78231598077979,0,0.48755404353141785,0.050000000000000044,
364828,-110.37723578954345,0,0.8069875836372375,0.050000000000000044,
365184,-124.94954106864675,0,0.8729377388954163,0.050000000000000044,
365855,-109.74903454761686,0,0.42970484495162964,0.050000000000000044,
366338,-120.33064470478573,0,1.3474376201629639,0.050000000000000044,
367266,-106.49285584138292,0,1.0799051523208618,0.050000000000000044,
368470,-108.94416596363247,0,1.614391565322876,0.050000000000000044,
368890,-113.90343812301286,0,1.264679193496704,0.050000000000000044,
369531,-106.84212561614271,0,0.47389763593673706,0.050000000000000044,
370415,-102.74638016764135,0,0.7750635147094727,0.050000000000000044,
370800,-128.13095486528027,0,0.8974976539611816,0.050000000000000044,
371467,-115.6606200628653,0,0.5502387881278992,0.050000000000000044,
371720,-129.93997942964972,0,1.0982252359390259,0.050000000000000044,
372306,-111.93575178199653,0,0.46054673194885254,0.050000000000000044,
372994,-121.97618528643821,0,0.3743518888950348,0.050000000000000044,
373504,-126.50658617298733,0,0.5819562077522278,0.050000000000000044,
374747,-0.38101171403856426,109,0.4720422327518463,0.050000000000000044,
375146,-110.32586131995605,0,0.26340556144714355,0.050000000000000044,
375881,-101.27937857544613,0,0.32454487681388855,0.050000000000000044,
376424,-102.55928655006986,0,0.7961471080780029,0.050000000000000044,
376858,-113.32404431256312,0,0.4881666302680969,0.050000000000000044,
377394,-111.62653375739845,0,0.7697736024856567,0.050000000000000044,
377753,-125.14735907397748,0,1.1162924766540527,0.050000000000000044,
378153,-122.61070107370583,0,1.317186951637268,0.050000000000000044,
379019,-105.52300820781865,0,0.7374089956283569,0.050000000000000044,
380000,,,0.783764123916626,0.050000000000000044,18.9
380954,18.46955769964481,106,0.46494829654693604,0.050000000000000044,
382219,-109.42794547888789,0,0.2954997420310974,0.050000000000000044,
382827,-112.1170817765423,0,0.45901229977607727,0.050000000000000044,
383514,-110.27339968721708,0,0.4951702356338501,0.050000000000000044,
383929,-110.6079787171906,0,0.6857346892356873,0.050000000000000044,
384266,-112.7466843446921,0,1.0446882247924805,0.050000000000000044,
385329,-110.09887683405191,0,1.2544431686401367,0.050000000000000044,
385773,-119.82665113002635,0,0.35004207491874695,0.050000000000000044,
386110,-124.9307427083795,0,0.8422709107398987,0.050000000000000044,
386875,-110.44786123544776,0,0.8527432084083557,0.050000000000000044,
387388,-120.55506645469985,0,0.5361381769180298,0.050000000000000044,
388197,-101.67242305198543,0,0.8655143976211548,0.050000000000000044,
390048,34.134362140228646,148,0.9402163028717041,0.050000000000000044,
391039,-115.36570160816242,0,0.5748517513275146,0.050000000000000044,
392266,24.76110750768892,103,1.6399593353271484,0.050000000000000044,
393301,-106.81619190255411,0,1.2585012912750244,0.050000000000000044,
394115,10.375079335526692,121,0.39259350299835205,0.050000000000000044,
395019,-112.42172342453513,0,2.1141512393951416,0.050000000000000044,
395863,-123.416518418632,0,0.5149127244949341,0.050000000000000044,
397067,-108.81812298848178,0,0.9490143060684204,0.050000000000000044,
397724,-112.62818278202442,0,1.9874728918075562,0.050000000000000044,
398514,-113.82961758273578,0,0.3177264332771301,0.050000000000000044,
399070,-109.05242095073267,0,0.5294294357299805,0.050000000000000044,
400000,,,0.6980619430541992,0.050000000000000044,11.05
