option,option_return,score,loss,epsilon,eval_clears
56,-0.7647833707595896,341,0.0,0.99734,
114,0.4408456723236435,341,0.0,0.994585,
167,-0.7851255522939199,338,0.0,0.9920675,
222,0.7414426288183874,462,0.0,0.989455,
277,0.6584986695511073,335,0.0,0.9868425,
332,-0.7237483323007914,332,0.0,0.98423,
383,0.8128772248579166,320,0.0,0.9818074999999999,
435,0.849685975775856,299,0.0,0.9793375,
490,35.47323288224023,296,0.0,0.976725,
543,1.9721753788992045,302,0.0,0.9742075,
598,0.42643721560040715,332,0.0,0.971595,
651,0.8503774265668611,314,0.0,0.9690775,
704,32.637126845299306,444,0.0,0.96656,
762,1.9628850749234028,341,0.0,0.963805,
820,-0.6945409740716952,338,0.0,0.96105,
870,-0.6883389185508573,193,0.0,0.958675,
924,5.743377155049778,483,0.0,0.95611,
982,-0.7624074452117067,329,0.0,0.953355,
1034,0.8318736523011923,453,56.518516540527344,0.950885,
1084,-0.6914555293653487,332,48.74362564086914,0.94851,
1134,-0.6883389185508573,486,58.66724395751953,0.946135,
1189,0.7774651729541947,459,44.042911529541016,0.9435225,
1242,0.8311891160180975,465,18.772497177124023,0.941005,
1294,-0.7450902393036903,450,40.35015106201172,0.938535,
1348,-0.6851908268190477,317,50.68022918701172,0.93597,
1405,-0.7575833539554194,335,29.04442596435547,0.9332625,
1458,0.8135549157781804,598,24.271150588989258,0.930745,
1516,-0.7319532830831257,483,13.746320724487305,0.92799,
1568,0.5604213000836751,450,20.420902252197266,0.92552,
1623,1.572765701114483,456,25.67641830444336,0.9229075,
1683,-0.7095115056900361,338,28.899932861328125,0.9200575,
1735,-0.13482565503181385,341,37.8682861328125,0.9175875,
1790,0.6029798361091988,447,24.556644439697266,0.914975,
1845,-0.7181393044595362,468,26.653141021728516,0.9123625,
1900,-0.6755544701365741,341,36.26756286621094,0.9097500000000001,
1958,-0.6656231431100869,474,33.48340606689453,0.906995,
2005,0.7947484526093375,447,37.41474914550781,0.9047625,
2059,-0.6755544701365741,486,16.920074462890625,0.9021975,
2115,0.7596905212246526,471,14.410721778869629,0.8995375,
2169,1.1760769236698663,453,18.99351692199707,0.8969725,
2226,-0.6945409740716952,335,22.74441909790039,0.894265,
2282,-0.7209579114149408,323,22.243183135986328,0.891605,
2338,0.7067879205049015,326,18.323169708251953,0.888945,
2395,-0.6914555293653487,326,14.654596328735352,0.8862375,
2449,-0.6722772425621961,341,17.490808486938477,0.8836725,
2501,-0.7671355370519937,193,9.589972496032715,0.8812025,
2555,0.7786494176542933,471,17.65802001953125,0.8786375,
2607,2.9319965412152764,465,14.727751731872559,0.8761675,
2656,-0.6914555293653487,193,21.1689453125,0.87384,
2709,-0.6656231431100869,459,22.899967193603516,0.8713225,
2764,0.849685975775856,329,11.6890869140625,0.86871,
2818,0.6212516633168043,335,16.08684539794922,0.8661449999999999,
2874,0.5765679358954688,338,24.90134048461914,0.8634850000000001,
2928,2.3282882615610045,329,11.319297790527344,0.86092,
2982,-0.6883389185508573,489,24.818748474121094,0.858355,
3033,-0.668966911678986,468,10.44336986541748,0.8559325,
3089,0.6597294496725412,474,11.150449752807617,0.8532725,
3143,-0.7124163906331357,335,20.711688995361328,0.8507075,
3199,0.8135549157781804,474,17.5067195892334,0.8480475000000001,
3256,0.8503774265668611,468,20.824092864990234,0.84534,
3306,0.5553697319969194,447,9.14255142211914,0.842965,
3364,0.7954193666203986,326,19.476276397705078,0.84021,
3417,0.8828336121648299,314,14.392756462097168,0.8376925,
3473,-0.6975955643309782,341,23.087665557861328,0.8350325000000001,
3522,0.009881956223595315,341,16.067659378051758,0.832705,
3580,-0.6975955643309782,332,9.113443374633789,0.82995,
3636,-0.6914555293653487,332,23.216350555419922,0.8272900000000001,
3691,1.8512874435215791,329,12.236883163452148,0.8246775,
3745,2.976978130782924,483,16.698476791381836,0.8221125,
3802,28.28401230375708,444,13.688217163085938,0.819405,
3858,3.6170413056730837,471,6.052063941955566,0.816745,
3913,0.2236350832815677,341,27.094072341918945,0.8141325,
3970,-0.6755544701365741,335,14.33896541595459,0.8114250000000001,
4028,0.22472145096942475,317,19.077564239501953,0.80867,
4078,0.9255607524081388,468,19.93931770324707,0.806295,
4131,0.648898745357789,489,7.309406280517578,0.8037775,
4184,-0.6755544701365741,477,9.966946601867676,0.80126,
4240,31.3138170924907,296,16.066171646118164,0.7986,
4297,1.576726461422567,329,12.81425666809082,0.7958925,
4352,0.44356576983909274,471,22.824235916137695,0.79328,
4408,0.1238261460192375,326,11.256765365600586,0.79062,
4462,-0.7526613141061315,486,10.916853904724121,0.788055,
4513,-0.6975955643309782,474,16.53624153137207,0.7856325,
4566,-0.6851908268190477,341,21.003604888916016,0.783115,
4622,-0.6883389185508573,341,16.89841651916504,0.780455,
4680,0.7724586548153258,326,10.281559944152832,0.7777000000000001,
4735,0.6734481765879894,329,14.759535789489746,0.7750875,
4791,0.7596905212246526,341,16.525150299072266,0.7724275,
4844,2.263469944876581,335,30.20008087158203,0.76991,
4896,-0.6914555293653487,335,16.95159912109375,0.76744,
4946,0.5889887552167998,338,25.128448486328125,0.765065,
5000,,,14.115562438964844,0.7625,2.6
5003,0.9450108610183221,447,21.12881088256836,0.7623575,
5058,0.849685975775856,453,20.88137435913086,0.759745,
5112,-0.7372874127497714,459,7.776835918426514,0.75718,
5168,0.7067879205049015,459,9.931680679321289,0.75452,
5222,36.93419561409061,444,12.311540603637695,0.751955,
5278,-0.6945409740716952,335,14.500406265258789,0.749295,
5329,-0.7124163906331357,486,13.35885238647461,0.7468725,
5378,0.7724586548153258,317,27.44485855102539,0.744545,
5438,0.7240282025302035,447,11.971323013305664,0.741695,
5494,0.7954193666203986,489,20.047592163085938,0.739035,
5546,-0.6656231431100869,308,13.828950881958008,0.736565,
5594,-0.6755544701365741,326,5.687735557556152,0.7342850000000001,
5647,-0.6945409740716952,332,10.673551559448242,0.7317675,
5701,-0.6722772425621961,329,16.311878204345703,0.7292025,
5754,0.019571915097654734,341,16.403207778930664,0.726685,
5806,0.7596905212246526,462,14.234577178955078,0.724215,
5856,-0.7036134126007918,193,22.952285766601562,0.72184,
5909,-0.6820109361808563,468,11.074111938476562,0.7193225000000001,
5960,-0.6656231431100869,453,13.641828536987305,0.7169000000000001,
6013,2.4419713262283658,459,11.30456829071045,0.7143825,
6065,-0.7065772784747839,187,10.797813415527344,0.7119125,
6117,1.1509924550263553,486,11.70741081237793,0.7094425,
6170,-0.7152922267268043,335,11.702754974365234,0.706925,
6222,0.6231383296896736,305,16.073287963867188,0.704455,
6276,0.8311891160180975,459,10.313570022583008,0.70189,
6333,0.7420936160124063,320,10.777297019958496,0.6991825,
6386,-0.6945409740716952,341,12.877677917480469,0.6966650000000001,
6440,0.849685975775856,480,16.988685607910156,0.6940999999999999,
6497,-0.6656231431100869,489,5.013002872467041,0.6913925,
6555,1.4309965862805376,474,8.14313793182373,0.6886375,
6610,-0.6975955643309782,332,12.85181999206543,0.686025,
6665,3.234780720272691,462,9.862857818603516,0.6834125,
6720,-0.6755544701365741,341,7.476642608642578,0.6808000000000001,
6772,-0.6975955643309782,474,15.522178649902344,0.67833,
6827,-0.7152922267268043,335,13.211235046386719,0.6757175,
6878,-0.6914555293653487,477,12.498092651367188,0.673295,
6935,-0.6656231431100869,474,13.59600830078125,0.6705875,
6991,0.9255607524081388,453,13.005958557128906,0.6679275,
7045,2.247664924136245,338,7.941295623779297,0.6653625000000001,
7102,0.8872420934352171,462,9.155125617980957,0.662655,
7158,0.7240282025302035,450,17.414329528808594,0.659995,
7208,0.5729442157168638,486,13.35894775390625,0.6576200000000001,
7264,-0.6787989254352084,341,15.238441467285156,0.65496,
7316,3.2738573267567794,474,24.237850189208984,0.65249,
7368,0.7432542942429727,335,18.58707618713379,0.65002,
7423,-0.7209579114149408,332,8.486799240112305,0.6474075,
7477,-0.7209579114149408,335,8.805906295776367,0.6448425,
7529,-0.7152922267268043,465,13.613525390625,0.6423725,
7582,0.6029798361091988,456,12.601855278015137,0.6398550000000001,
7639,1.9998581035547482,486,15.751680374145508,0.6371475,
7696,0.6395336663532056,323,20.22618865966797,0.6344400000000001,
7752,0.8872420934352171,447,13.51651382446289,0.63178,
7802,29.114643512809064,592,17.74650764465332,0.629405,
7854,2.35761840249069,453,9.786917686462402,0.626935,
7907,44.58233465909913,444,14.599138259887695,0.6244175000000001,
7961,0.7903622775912383,450,17.44274139404297,0.6218525,
8016,0.7246726798522821,317,7.024878978729248,0.61924,
8070,0.6036971701911527,447,15.340224266052246,0.616675,
8124,-0.6851908268190477,338,17.423507690429688,0.6141099999999999,
8180,0.776800968083244,465,15.791703224182129,0.61145,
8233,-0.7237483323007914,338,6.083157062530518,0.6089325,
8289,0.9255607524081388,456,6.296443462371826,0.6062725,
8342,0.14770894757644662,332,9.127159118652344,0.603755,
8394,-0.6755544701365741,338,11.185491561889648,0.6012850000000001,
8446,-0.7065772784747839,338,18.73505401611328,0.598815,
8497,-0.7124163906331357,326,17.112770080566406,0.5963925,
8549,0.4808957552125516,471,10.160348892211914,0.5939225,
8602,-0.6975955643309782,341,24.286666870117188,0.591405,
8658,-0.7237483323007914,341,26.835620880126953,0.5887450000000001,
8712,-0.6787989254352084,474,8.284053802490234,0.58618,
8765,-0.7152922267268043,341,10.602655410766602,0.5836625,
8815,0.4503549744632222,474,14.395039558410645,0.5812875000000001,
8871,1.9554805649139668,459,14.636577606201172,0.5786275000000001,
8922,1.3687788598234225,483,19.508787155151367,0.5762050000000001,
8971,36.21378724848508,740,18.694843292236328,0.5738775,
9027,-0.6820109361808563,450,5.629450798034668,0.5712175,
9084,0.776800968083244,447,8.603439331054688,0.5685100000000001,
9138,2.0325225782054934,338,10.452888488769531,0.565945,
9193,0.1383591151329723,338,13.791641235351562,0.5633325,
9246,-0.7065772784747839,341,14.873910903930664,0.5608150000000001,
9298,0.6897200412998525,459,19.093280792236328,0.5583450000000001,
9352,-0.7292457404880057,326,11.16390323638916,0.5557799999999999,
9401,3.9241870562783716,462,14.387701034545898,0.5534525,
9458,-0.7600075204158653,335,14.059171676635742,0.550745,
9513,-0.7152922267268043,468,7.3767218589782715,0.5481325,
9565,-0.668966911678986,332,10.433586120605469,0.5456624999999999,
9621,44.12651131250814,444,12.570213317871094,0.5430025,
9675,-0.668966911678986,471,8.558727264404297,0.5404375,
9729,-0.7450902393036903,338,14.22706413269043,0.5378725,
9781,0.8135549157781804,456,11.276544570922852,0.5354025,
9833,32.38309107148584,592,5.167893886566162,0.5329325,
9882,2.6312775807478554,468,5.628519058227539,0.530605,
9932,-0.7372874127497714,489,9.614204406738281,0.52823,
9984,-0.7237483323007914,462,6.536054611206055,0.52576,
10000,,,13.934855461120605,0.525,2.8
10039,0.9450108610183221,453,14.197563171386719,0.5231475000000001,
10092,-0.6656231431100869,335,6.620636463165283,0.5206299999999999,
10144,-0.7095115056900361,341,12.555374145507812,0.5181600000000001,
10201,1.937707486793368,456,13.430740356445312,0.5154525000000001,
10253,-0.6656231431100869,320,5.588459491729736,0.5129824999999999,
10304,1.814367252710556,450,22.92572021484375,0.51056,
10356,0.5560657605393052,616,5.6283416748046875,0.5080899999999999,
10408,1.6374623991347903,338,12.312223434448242,0.5056200000000001,
10462,-0.6945409740716952,187,16.823591232299805,0.503055,
10511,-0.7551347009650702,486,14.43919563293457,0.5007275,
10566,-0.6975955643309782,338,12.149825096130371,0.4981150000000001,
10615,0.7067879205049015,486,14.199701309204102,0.49578749999999994,
10670,0.22472145096942475,453,11.970113754272461,0.49317500000000003,
10725,-0.7292457404880057,474,11.849611282348633,0.4905625,
10776,1.9647512507875222,462,17.741741180419922,0.48814000000000013,
10825,-0.7501629435415469,486,14.06844425201416,0.4858125,
10876,0.24738991298264665,462,11.673748016357422,0.4833900000000001,
10933,-0.7065772784747839,335,19.896209716796875,0.4806825,
10985,-0.6945409740716952,456,21.593204498291016,0.47821250000000004,
11035,35.833924577711855,592,9.1691312789917,0.4758375,
11091,2.736920932710248,323,14.825207710266113,0.47317750000000003,
11142,0.796615573388175,459,9.844175338745117,0.47075500000000003,
11194,0.6560946124779854,456,13.663370132446289,0.46828500000000006,
11248,-0.7124163906331357,468,16.03408432006836,0.46572,
11302,-0.668966911678986,308,10.711585998535156,0.463155,
11358,3.4111210032681694,480,14.998299598693848,0.4604950000000001,
11407,-0.668966911678986,489,9.243814468383789,0.45816749999999995,
11465,-0.668966911678986,456,11.599592208862305,0.4554125,
11521,0.6903516935232216,453,11.285638809204102,0.4527525000000001,
11571,6.374588664840991,338,12.239389419555664,0.4503775,
11618,0.8907362038434463,634,6.1628947257995605,0.448145,
11672,3.325645978041234,474,9.246068000793457,0.44558,
11727,0.8135549157781804,477,6.022400856018066,0.44296749999999996,
11779,-0.6914555293653487,450,19.987979888916016,0.4404975000000001,
11835,-0.03125156125816919,332,9.206375122070312,0.4378375,
11892,2.161057398114537,483,11.447608947753906,0.43513,
11948,-0.6656231431100869,486,12.937271118164062,0.43247,
11999,0.7067879205049015,456,16.044925689697266,0.4300475,
12050,0.28862729824171596,450,13.972905158996582,0.42762500000000003,
12099,2.2687659853752993,465,8.17710018157959,0.4252975,
12150,0.849685975775856,447,9.72872257232666,0.422875,
12205,23.437264658143324,444,14.033339500427246,0.4202625000000001,
12262,0.8128772248579166,317,21.457561492919922,0.417555,
12316,-0.7036134126007918,607,7.407522678375244,0.41498999999999997,
12370,-0.668966911678986,462,11.862278938293457,0.41242499999999993,
12422,-0.668966911678986,338,5.123126029968262,0.40995500000000007,
12478,-0.6787989254352084,489,20.970563888549805,0.40729499999999996,
12533,-0.7124163906331357,335,9.409605026245117,0.40468249999999995,
12588,-0.7065772784747839,317,11.244531631469727,0.40207000000000004,
12642,0.7198148603086558,447,10.98675537109375,0.399505,
12696,0.08256819170442496,338,7.508115768432617,0.39693999999999996,
12754,0.7074259530537592,338,8.272848129272461,0.394185,
12806,0.7420936160124063,601,8.870866775512695,0.39171500000000004,
12859,0.6520472927512021,607,9.181855201721191,0.3891975,
12909,0.8638035750234258,471,6.319580078125,0.38682250000000007,
12962,0.6603177375417076,302,11.245978355407715,0.384305,
13020,1.5912569531142615,480,8.442302703857422,0.38155000000000006,
13071,-0.6656231431100869,477,13.582684516906738,0.37912750000000006,
13121,0.8135549157781804,595,5.693499565124512,0.37675250000000005,
13176,-0.7006196086876685,474,8.374873161315918,0.37414000000000003,
13231,0.8690681076432941,459,11.675630569458008,0.3715275,
13287,1.231446464873191,450,14.704706192016602,0.3688675,
13342,2.884279777425102,474,10.473689079284668,0.366255,
13395,-0.6755544701365741,314,11.203588485717773,0.36373750000000005,
13444,0.21969101762062332,486,19.993330001831055,0.36141,
13500,-0.6883389185508573,477,9.295600891113281,0.35875,
13554,0.4205497311179955,474,7.877573490142822,0.3561850000000001,
13611,-0.668966911678986,341,10.884196281433105,0.3534775,
13659,-0.7501629435415469,486,7.305340766906738,0.35119750000000005,
13713,0.7724586548153258,468,10.225852012634277,0.3486325,
13765,1.9095631720778958,598,6.942520618438721,0.34616250000000004,
13821,0.7273434250216104,474,5.5693464279174805,0.34350249999999993,
13876,0.5603892538635126,453,17.09328842163086,0.34089,
13930,-0.6787989254352084,447,6.503746032714844,0.338325,
13980,2.542481473602519,456,7.655278205871582,0.3359500000000001,
14034,-0.7036134126007918,338,13.605230331420898,0.33338500000000004,
14090,-0.7006196086876685,480,14.331033706665039,0.33072500000000005,
14146,0.6231383296896736,447,10.83572769165039,0.32806499999999994,
14201,1.7894974829968777,471,11.409683227539062,0.32545250000000003,
14250,0.7547340682671727,462,17.004241943359375,0.323125,
14302,0.8084467450416548,299,10.804794311523438,0.320655,
14361,-0.7526613141061315,341,6.88418436050415,0.3178525000000001,
14415,0.3728166834932106,341,12.441228866577148,0.31528750000000005,
14467,0.6231383296896736,474,12.137643814086914,0.31281749999999997,
14520,-0.668966911678986,305,9.370594024658203,0.3103,
14572,0.6198961315062147,468,10.184185028076172,0.30783000000000005,
14625,0.8318736523011923,341,12.024012565612793,0.3053125000000001,
14679,-0.7095115056900361,456,9.547855377197266,0.30274750000000006,
14734,0.9151321288686074,462,11.412115097045898,0.30013500000000004,
14786,22.874056154935186,592,5.051398277282715,0.29766500000000007,
14840,0.6401465578738883,489,8.604780197143555,0.29510000000000003,
14895,-0.6656231431100869,338,9.490872383117676,0.2924875,
14950,0.7954193666203986,477,13.839831352233887,0.289875,
15000,,,15.773876190185547,0.2875000000000001,2.45
15002,-0.668966911678986,480,12.173429489135742,0.287405,
15054,-0.7036134126007918,341,12.081347465515137,0.28493500000000005,
15104,0.8128772248579166,453,17.939422607421875,0.28256000000000003,
15156,-0.668966911678986,341,16.90009307861328,0.28009000000000006,
15211,1.5098793358582818,468,7.744157314300537,0.27747750000000004,
15262,2.189225097711145,598,12.744977951049805,0.27505500000000005,
15317,0.6567136948221094,483,12.79901123046875,0.27244250000000003,
15372,0.07459676345844289,341,9.695878982543945,0.2698300000000001,
15423,-0.6820109361808563,456,18.84412384033203,0.2674075,
15479,0.8318736523011923,450,9.573883056640625,0.2647475,
15533,34.697178907151155,296,6.20332145690918,0.2621825000000001,
15585,1.9218201547348186,456,12.881739616394043,0.2597125,
15639,1.7095717745913455,477,5.767833709716797,0.2571475,
15697,2.472388220390141,465,5.69454288482666,0.2543925,
15749,0.8872420934352171,447,7.773378372192383,0.25192250000000005,
15804,-0.6787989254352084,489,15.536409378051758,0.24931000000000003,
15854,1.902312790359678,338,6.699810981750488,0.24693500000000013,
15904,-0.7181393044595362,483,9.268136978149414,0.24456,
15957,0.5572147735596952,462,6.716026306152344,0.24204250000000005,
16008,0.525100051904573,477,15.964720726013184,0.23962000000000006,
16064,0.6374669469185736,474,12.63528823852539,0.23696000000000006,
16119,1.6016817860659178,320,12.42402172088623,0.23434749999999993,
16175,3.331364156680927,338,14.370659828186035,0.23168750000000005,
16228,-0.7006196086876685,489,7.415448188781738,0.22916999999999998,
16283,-0.7265108489777835,341,16.232154846191406,0.22655749999999997,
16336,-0.6945409740716952,601,5.544047832489014,0.22404000000000002,
16390,-0.6851908268190477,489,10.088314056396484,0.22147499999999998,
16443,1.0517785979844023,462,16.741657257080078,0.21895750000000003,
16494,0.7947484526093375,610,7.775981903076172,0.21653500000000003,
16549,0.7273434250216104,341,10.243958473205566,0.21392250000000002,
16604,-0.668966911678986,483,4.924969673156738,0.21131,
16662,-0.7181393044595362,462,14.919632911682129,0.20855500000000005,
16718,0.47417444263466346,450,11.702723503112793,0.20589500000000005,
16773,-0.6883389185508573,338,8.794273376464844,0.20328250000000003,
16821,0.6687346391426284,595,10.759052276611328,0.20100250000000008,
16873,-0.7292457404880057,489,5.8189287185668945,0.1985325,
16926,2.732806626215117,468,14.66124153137207,0.19601499999999994,
16978,1.4550784704685131,598,12.077164649963379,0.19354500000000008,
17034,-0.668966911678986,338,12.318391799926758,0.19088499999999997,
17086,-0.6945409740716952,613,13.229589462280273,0.1884150000000001,
17141,0.8879475834780748,465,12.043855667114258,0.1858025000000001,
17196,27.820866872147537,444,7.412322044372559,0.18319000000000007,
17248,0.9244336560069767,477,9.69517993927002,0.18072,
17305,0.7590329584024117,299,9.09571647644043,0.17801250000000002,
17358,26.148566500707577,444,3.352708339691162,0.17549500000000007,
17408,0.6198961315062147,483,10.860875129699707,0.17312000000000005,
17463,0.8530573750712722,477,10.952104568481445,0.17050750000000003,
17514,-0.6755544701365741,465,16.382104873657227,0.16808500000000004,
17566,47.41995116928054,444,2.9110825061798096,0.16561500000000007,
17621,0.6540070170894684,305,5.870850563049316,0.16300250000000005,
17671,-0.6914555293653487,480,5.240797996520996,0.16062750000000015,
17721,0.6897200412998525,601,12.276098251342773,0.15825250000000002,
17773,0.9450108610183221,480,9.187061309814453,0.15578250000000005,
17822,-0.7346337502522944,489,7.665007591247559,0.153455,
17877,0.7074259530537592,477,10.163372039794922,0.1508425,
17930,0.8369094024165361,480,9.487358093261719,0.14832500000000004,
17981,-0.6883389185508573,489,16.115991592407227,0.14590250000000005,
18030,0.8135549157781804,486,4.987063407897949,0.14357500000000012,
18080,-0.668966911678986,483,12.540977478027344,0.1412,
18132,2.054566328498225,480,8.150605201721191,0.13873000000000013,
18186,0.8311891160180975,450,11.360799789428711,0.1361650000000001,
18239,-0.7036134126007918,483,11.432466506958008,0.13364750000000003,
18291,2.617727762376254,332,14.89532470703125,0.13117750000000006,
18341,-0.7006196086876685,459,10.375188827514648,0.12880250000000004,
18393,0.6231383296896736,471,12.267510414123535,0.12633250000000007,
18448,-0.7124163906331357,480,9.184096336364746,0.12372000000000005,
18502,0.7414426288183874,308,6.827449798583984,0.12115500000000001,
18553,-0.7006196086876685,341,7.626468658447266,0.11873250000000002,
18605,0.8879475834780748,468,8.81291675567627,0.11626250000000005,
18659,-0.7065772784747839,489,13.208251953125,0.11369750000000012,
18710,-0.6787989254352084,341,10.15994644165039,0.11127500000000001,
18762,3.224630530951314,474,10.27669906616211,0.10880500000000004,
18815,42.70969899678475,444,12.005536079406738,0.10628750000000009,
18868,1.5241436951253735,480,15.647175788879395,0.10377000000000003,
18918,3.1101471614808274,613,7.501226902008057,0.10139500000000012,
18972,-0.7399145386222736,483,4.100169658660889,0.09883000000000008,
19028,0.849685975775856,465,6.137361526489258,0.09616999999999998,
19076,-0.6820109361808563,604,6.598898887634277,0.09389000000000003,
19129,1.298542423271444,486,8.795389175415039,0.09137249999999997,
19183,-0.7181393044595362,332,13.553627967834473,0.08880750000000004,
19236,-0.668966911678986,326,10.398210525512695,0.08629000000000009,
19288,1.3673379311036218,335,13.596745491027832,0.08382,
19341,43.112034376730634,444,4.5350565910339355,0.08130250000000006,
19396,-0.7095115056900361,335,13.873077392578125,0.07869000000000004,
19449,-0.6975955643309782,474,9.238142013549805,0.07617249999999998,
19499,0.9255607524081388,628,10.16188907623291,0.07379750000000007,
19551,35.43720006271514,444,9.011503219604492,0.07132749999999999,
19604,-0.7346337502522944,453,14.706755638122559,0.06881000000000004,
19658,38.18975149001086,444,8.969854354858398,0.066245,
19713,-0.668966911678986,311,9.01298713684082,0.06363249999999998,
19768,0.9450108610183221,595,6.278872013092041,0.061020000000000074,
19823,-0.7265108489777835,480,11.510560035705566,0.05840750000000006,
19875,0.46608679766042616,456,9.869029998779297,0.05593749999999997,
19928,2.2368535396215106,486,9.02519416809082,0.053420000000000134,
19985,2.1045193525227655,462,12.220353126525879,0.05071250000000005,
20000,,,7.3311614990234375,0.050000000000000044,2.9
20038,0.7555193124253204,450,3.8748815059661865,0.050000000000000044,
20121,8.810988266486918,776,6.607335090637207,0.050000000000000044,
20198,-0.552476786236189,918,10.504159927368164,0.050000000000000044,
20278,1.3193764843603173,767,5.279338836669922,0.050000000000000044,
20355,1.205703958598705,770,12.023853302001953,0.050000000000000044,
20428,-0.6227633530764957,634,7.522303581237793,0.050000000000000044,
20504,1.8145127613151126,764,17.50341033935547,0.050000000000000044,
20579,1.336465095789382,746,9.170652389526367,0.050000000000000044,
20654,7.244109091262572,767,11.067524909973145,0.050000000000000044,
20731,1.0925536587645386,770,8.337523460388184,0.050000000000000044,
20810,1.2279837965643483,622,11.958338737487793,0.050000000000000044,
20888,-0.6265357195457307,631,11.782615661621094,0.050000000000000044,
20957,-0.6033221935779747,903,13.917871475219727,0.050000000000000044,
21035,5.073433730388315,773,5.406515121459961,0.050000000000000044,
21113,1.2843303884786494,770,12.301212310791016,0.050000000000000044,
21189,1.0596944945370763,933,13.503605842590332,0.050000000000000044,
21263,2.714328012609045,755,6.320199012756348,0.050000000000000044,
21333,-0.5433902522560851,779,17.540504455566406,0.050000000000000044,
21405,-0.5387780325819042,782,7.169775009155273,0.050000000000000044,
21486,-0.5569520183738271,785,6.879133701324463,0.050000000000000044,
21564,37.55635688977652,740,8.5869779586792,0.050000000000000044,
21645,1.3307115482896128,625,8.935571670532227,0.050000000000000044,
21717,1.2450718326386632,1051,13.61340618133545,0.050000000000000044,
21796,45.912105184005,888,17.30970001220703,0.050000000000000044,
21876,1.2226211143122765,891,6.6015825271606445,0.050000000000000044,
21953,1.0925536587645386,746,6.673846244812012,0.050000000000000044,
22030,-0.5786657778452317,634,12.220071792602539,0.050000000000000044,
22106,-0.5246599579942927,628,8.564324378967285,0.050000000000000044,
22185,1.3551341579463474,785,2.9641199111938477,0.050000000000000044,
22264,6.010704295689896,764,19.008407592773438,0.050000000000000044,
22340,-0.6033221935779747,637,12.035147666931152,0.050000000000000044,
22413,4.8363263617322945,900,15.641934394836426,0.050000000000000044,
22496,-0.5870503288661115,637,10.386804580688477,0.050000000000000044,
22575,-0.5786657778452317,767,8.210663795471191,0.050000000000000044,
22647,5.060954513680357,915,16.55414581298828,0.050000000000000044,
22723,1.00151570397936,758,13.184978485107422,0.050000000000000044,
22802,-0.5479563497335243,489,4.905726909637451,0.050000000000000044,
22882,-0.565768673208188,634,11.829116821289062,0.050000000000000044,
22960,2.926459153099939,755,5.228857040405273,0.050000000000000044,
23035,-0.5701109864761061,764,11.7489013671875,0.050000000000000044,
23113,4.06740778738242,773,8.85411262512207,0.050000000000000044,
23192,1.168036177736721,637,3.5647664070129395,0.050000000000000044,
23268,1.5067610345519853,764,8.393327713012695,0.050000000000000044,
23346,1.0925536587645386,773,11.155756950378418,0.050000000000000044,
23424,-0.5701109864761061,480,16.709871292114258,0.050000000000000044,
23501,-0.565768673208188,637,13.870183944702148,0.050000000000000044,
23575,-0.5341192248302062,785,5.038473129272461,0.050000000000000044,
23650,2.8248284865746824,782,20.62002182006836,0.050000000000000044,
23724,1.8587621004494128,897,8.3179931640625,0.050000000000000044,
23800,-0.565768673208188,930,9.80263900756836,0.050000000000000044,
23875,0.5443080393299696,628,10.86569595336914,0.050000000000000044,
23954,-0.5701109864761061,767,5.216805458068848,0.050000000000000044,
24031,-0.5828791200667793,634,7.988006591796875,0.050000000000000044,
24104,1.183646919012718,471,7.906454563140869,0.050000000000000044,
24178,58.19982939810251,740,10.999672889709473,0.050000000000000044,
24255,1.3307115482896128,616,6.292402267456055,0.050000000000000044,
24333,3.812960172347054,761,8.808585166931152,0.050000000000000044,
24410,1.2164834916104454,782,1.261831283569336,0.050000000000000044,
24490,2.0726681091806993,625,3.6678311824798584,0.050000000000000044,
24566,1.4263181650000951,1039,10.506731033325195,0.050000000000000044,
24650,57.01139801667954,592,3.7435102462768555,0.050000000000000044,
24728,1.2388722137479244,749,10.758794784545898,0.050000000000000044,
24802,-0.552476786236189,779,11.567487716674805,0.050000000000000044,
24877,1.3542540891814272,761,8.869237899780273,0.050000000000000044,
24951,1.4020549833500942,743,3.6535825729370117,0.050000000000000044,
25000,,,6.338544845581055,0.050000000000000044,3.2
25025,-0.5433902522560851,782,2.5939126014709473,0.050000000000000044,
25100,2.1125215739906995,912,6.355698108673096,0.050000000000000044,
25176,-0.5993153470484592,607,3.1301920413970947,0.050000000000000044,
25251,0.9420891586934349,779,7.010973930358887,0.050000000000000044,
25327,1.3137938229748387,1057,11.352018356323242,0.050000000000000044,
25406,4.736420809856249,912,8.227258682250977,0.050000000000000044,
25485,1.2003949031691539,891,7.634516716003418,0.050000000000000044,
25567,4.757776921305207,770,2.100951671600342,0.050000000000000044,
25642,44.12250446597863,1036,7.304975509643555,0.050000000000000044,
25719,-0.5870503288661115,894,15.99863052368164,0.050000000000000044,
25796,46.02172595946594,888,12.814310073852539,0.050000000000000044,
25869,2.0131495177432015,776,5.831244468688965,0.050000000000000044,
25947,1.7380401955077283,770,12.500112533569336,0.050000000000000044,
26027,-0.5341192248302062,776,7.275651931762695,0.050000000000000044,
26103,-0.5246599579942927,785,5.936809539794922,0.050000000000000044,
26182,1.2226211143122765,755,8.158692359924316,0.050000000000000044,
26259,2.5808690797038207,897,15.113177299499512,0.050000000000000044,
26339,44.96831896438569,740,4.460537433624268,0.050000000000000044,
26413,-0.5341192248302062,634,5.593367576599121,0.050000000000000044,
26490,0.6914778984496621,915,9.157862663269043,0.050000000000000044,
26564,1.4020549833500942,1039,13.25955581665039,0.050000000000000044,
26639,-0.5744098766113451,776,8.441140174865723,0.050000000000000044,
26713,0.7568156037509671,912,16.431777954101562,0.050000000000000044,
26792,-0.5246599579942927,637,6.150884628295898,0.050000000000000044,
26867,1.151455673421849,637,11.727120399475098,0.050000000000000044,
26945,-0.5246599579942927,782,4.127485275268555,0.050000000000000044,
27028,1.0302538452465106,755,18.062345504760742,0.050000000000000044,
27101,61.13108616782451,888,12.254998207092285,0.050000000000000044,
27176,-0.607288971642195,933,8.384315490722656,0.050000000000000044,
27250,1.4020549833500942,894,11.462010383605957,0.050000000000000044,
27328,1.2906558847450904,894,6.751914978027344,0.050000000000000044,
27404,-0.5479563497335243,761,7.041434288024902,0.050000000000000044,
27487,1.2003949031691539,915,7.989832878112793,0.050000000000000044,
27568,0.7179223577241859,637,18.653200149536133,0.050000000000000044,
27642,1.8803815041403296,785,6.347971439361572,0.050000000000000044,
27718,1.3307115482896128,770,9.368497848510742,0.050000000000000044,
27794,4.749681420805445,906,10.341507911682129,0.050000000000000044,
27872,1.4323077250647567,776,6.258881568908691,0.050000000000000044,
27957,1.2279837965643483,755,3.3504910469055176,0.050000000000000044,
28037,-0.5569520183738271,634,7.071929454803467,0.050000000000000044,
28115,47.27841833517116,888,8.40046215057373,0.050000000000000044,
28191,4.190054060876787,752,5.29310417175293,0.050000000000000044,
28269,-0.5246599579942927,773,9.436685562133789,0.050000000000000044,
28346,2.704453787795771,912,7.598194122314453,0.050000000000000044,
28428,-0.5246599579942927,634,16.373332977294922,0.050000000000000044,
28507,1.308266988203215,631,23.220951080322266,0.050000000000000044,
28585,-0.5246599579942927,625,9.60699462890625,0.050000000000000044,
28664,-0.5246599579942927,894,13.65957260131836,0.050000000000000044,
28742,0.8623818473704198,764,17.17221450805664,0.050000000000000044,
28817,1.1291451982718617,767,5.825630187988281,0.050000000000000044,
28897,1.4020549833500942,761,10.191935539245605,0.050000000000000044,
28978,1.3428045296568865,749,13.263406753540039,0.050000000000000044,
29054,2.7489271185148914,918,15.328232765197754,0.050000000000000044,
29130,-0.5387780325819042,776,11.892578125,0.050000000000000044,
29210,2.7340235859368227,909,5.199862480163574,0.050000000000000044,
29290,0.9893944352873646,918,4.8478240966796875,0.050000000000000044,
29366,1.3542540891814272,915,9.390676498413086,0.050000000000000044,
29440,4.112535266227442,924,7.911348342895508,0.050000000000000044,
29519,4.207929909696049,634,1.9505856037139893,0.050000000000000044,
29601,1.151455673421849,773,11.978415489196777,0.050000000000000044,
29679,1.3780344335165933,779,17.58354949951172,0.050000000000000044,
29753,-0.552476786236189,776,13.261266708374023,0.050000000000000044,
29829,-0.5613824981900889,930,10.164583206176758,0.050000000000000044,
29908,1.8279417309504127,637,5.593487739562988,0.050000000000000044,
29982,0.5288649589366701,785,3.9744856357574463,0.050000000000000044,
30000,,,14.116340637207031,0.050000000000000044,2.95
30062,0.9016463371323596,758,16.956390380859375,0.050000000000000044,
30137,-0.5433902522560851,637,2.5998568534851074,0.050000000000000044,
30211,-0.607288971642195,761,19.79901885986328,0.050000000000000044,
30282,1.4145181327167053,903,11.273921966552734,0.050000000000000044,
30356,3.1039148754693393,764,12.15609359741211,0.050000000000000044,
30436,6.366628756084883,927,6.609528064727783,0.050000000000000044,
30513,1.1216045848810565,743,4.486510276794434,0.050000000000000044,
30594,1.2344000949570402,610,10.806553840637207,0.050000000000000044,
30667,2.984653387481455,785,9.090730667114258,0.050000000000000044,
30745,1.4323077250647567,779,10.375478744506836,0.050000000000000044,
30829,0.7513898157139816,637,11.25662612915039,0.050000000000000044,
30908,5.566917861889481,912,6.501429557800293,0.050000000000000044,
30985,1.1618104498225903,894,8.747904777526855,0.050000000000000044,
31064,-0.5341192248302062,767,9.278715133666992,0.050000000000000044,
31145,1.2677493258976396,743,5.633788108825684,0.050000000000000044,
31216,51.4079785177465,1036,7.716079235076904,0.050000000000000044,
31297,1.261487084593863,610,4.650082111358643,0.050000000000000044,
31374,4.140645929618203,782,7.282194137573242,0.050000000000000044,
31450,-0.5433902522560851,918,4.028287887573242,0.050000000000000044,
31523,1.3307115482896128,891,2.845602512359619,0.050000000000000044,
31600,42.712234055122074,740,5.397835731506348,0.050000000000000044,
31680,-0.5993153470484592,628,3.1080281734466553,0.050000000000000044,
31759,6.302695680030693,773,6.3723249435424805,0.050000000000000044,
31834,1.4323077250647567,900,4.139859199523926,0.050000000000000044,
31912,63.185890584193196,740,1.359475016593933,0.050000000000000044,
31990,60.02305467810875,740,12.166961669921875,0.050000000000000044,
32068,2.68650834320146,770,11.576967239379883,0.050000000000000044,
32146,0.8406903071355531,761,6.767523765563965,0.050000000000000044,
32220,1.2843303884786494,915,2.373342514038086,0.050000000000000044,
32296,1.2388722137479244,767,8.203500747680664,0.050000000000000044,
32373,-0.5246599579942927,785,15.736021041870117,0.050000000000000044,
32452,1.4079846478141091,785,4.622927665710449,0.050000000000000044,
32520,1.0056662999992276,894,8.422774314880371,0.050000000000000044,
32594,48.3334886070421,888,4.305352687835693,0.050000000000000044,
32675,1.2504886833983317,773,6.209303855895996,0.050000000000000044,
32747,4.197588135127153,776,9.635802268981934,0.050000000000000044,
32827,1.2279837965643483,764,10.236520767211914,0.050000000000000044,
32907,-0.5246599579942927,755,7.788549423217773,0.050000000000000044,
32984,-0.6227633530764957,930,13.765888214111328,0.050000000000000044,
33055,6.83898431995672,912,7.641180038452148,0.050000000000000044,
33123,1.4323077250647567,894,4.736978530883789,0.050000000000000044,
33202,1.3903729513895382,924,5.277790069580078,0.050000000000000044,
33279,2.0433127754383764,758,12.252912521362305,0.050000000000000044,
33355,3.0466486651021376,894,14.769182205200195,0.050000000000000044,
33431,-0.5911798255774504,770,15.94902229309082,0.050000000000000044,
33504,1.3074044328067167,915,8.486412048339844,0.050000000000000044,
33586,1.3307115482896128,761,9.987678527832031,0.050000000000000044,
33666,-0.611216081925773,927,18.248199462890625,0.050000000000000044,
33748,5.06867635698167,776,22.242507934570312,0.050000000000000044,
33821,-0.5479563497335243,773,9.838661193847656,0.050000000000000044,
33898,56.35628716124957,740,12.613790512084961,0.050000000000000044,
33973,0.8646376278270324,779,13.317493438720703,0.050000000000000044,
34049,1.4323077250647567,933,5.350955009460449,0.050000000000000044,
34126,-0.565768673208188,903,9.736305236816406,0.050000000000000044,
34202,3.822570055174756,767,9.450443267822266,0.050000000000000044,
34282,1.030402722545573,779,3.0100860595703125,0.050000000000000044,
34361,59.40729729655604,1036,12.549461364746094,0.050000000000000044,
34434,1.3903729513895382,933,8.456049919128418,0.050000000000000044,
34510,-0.565768673208188,776,5.808307647705078,0.050000000000000044,
34583,1.2732208923215471,779,8.873502731323242,0.050000000000000044,
34665,1.2504886833983317,767,7.087055206298828,0.050000000000000044,
34747,1.3542540891814272,752,6.819012641906738,0.050000000000000044,
34826,1.261487084593863,610,7.178243160247803,0.050000000000000044,
34905,-0.5870503288661115,921,4.654636383056641,0.050000000000000044,
34981,5.8420052070809305,761,7.8636932373046875,0.050000000000000044,
35000,,,11.636551856994629,0.050000000000000044,3.1
35057,0.6337270686964491,933,5.837137699127197,0.050000000000000044,
35133,-0.5569520183738271,785,10.743401527404785,0.050000000000000044,
35213,2.6527620546134876,628,8.057905197143555,0.050000000000000044,
35294,57.613140159551044,740,6.508153438568115,0.050000000000000044,
35373,0.9387774131712454,782,7.797350883483887,0.050000000000000044,
35441,1.3307115482896128,921,8.131282806396484,0.050000000000000044,
35519,-0.5246599579942927,634,5.756360054016113,0.050000000000000044,
35599,-0.5569520183738271,773,2.8856680393218994,0.050000000000000044,
35681,-0.5911798255774504,634,6.1361083984375,0.050000000000000044,
35763,1.3074044328067167,628,10.871246337890625,0.050000000000000044,
35844,1.262332475137971,764,14.048213958740234,0.050000000000000044,
35926,-0.5701109864761061,773,11.642813682556152,0.050000000000000044,
36003,39.89896727669471,888,10.106081008911133,0.050000000000000044,
36083,-0.5613824981900889,486,10.83614730834961,0.050000000000000044,
36156,1.2164834916104454,1039,7.993016242980957,0.050000000000000044,
36235,1.0112921274412034,770,5.017098426818848,0.050000000000000044,
36311,1.2843303884786494,927,3.075590133666992,0.050000000000000044,
36390,62.42041571389082,740,3.029796600341797,0.050000000000000044,
36468,1.3371654777523625,743,9.89513874053955,0.050000000000000044,
36540,2.782652161932735,758,8.414334297180176,0.050000000000000044,
36622,1.3607732098508714,773,6.909420967102051,0.050000000000000044,
36704,0.8844071685910816,631,8.48421859741211,0.050000000000000044,
36780,1.1248922577997598,900,8.849814414978027,0.050000000000000044,
36856,43.59655745678018,740,7.465071201324463,0.050000000000000044,
36930,1.1618104498225903,891,3.2507922649383545,0.050000000000000044,
37004,4.597163847770126,785,12.17478084564209,0.050000000000000044,
37080,1.194318656694341,909,3.4617464542388916,0.050000000000000044,
37159,42.709085963390265,740,14.192702293395996,0.050000000000000044,
37238,3.866597908859169,918,11.063982963562012,0.050000000000000044,
37315,1.336465095789382,891,3.323212146759033,0.050000000000000044,
37394,0.7748789724328846,770,5.47036075592041,0.050000000000000044,
37470,39.93307909964488,888,16.55146026611328,0.050000000000000044,
37554,-0.5952680273216759,637,4.855334758758545,0.050000000000000044,
37627,2.1510378654133944,894,6.563541412353516,0.050000000000000044,
37700,-0.6189528818954502,782,6.578943729400635,0.050000000000000044,
37779,-0.5828791200667793,773,6.5671491622924805,0.050000000000000044,
37857,2.3540779876036972,764,6.55251932144165,0.050000000000000044,
37934,1.267061851679085,912,12.49542236328125,0.050000000000000044,
38013,4.736420809856249,918,6.965689659118652,0.050000000000000044,
38090,1.3542540891814272,900,10.261247634887695,0.050000000000000044,
38170,-0.5433902522560851,779,5.092893600463867,0.050000000000000044,
38246,0.774131942617447,782,7.6729536056518555,0.050000000000000044,
38323,-0.5433902522560851,918,5.814128875732422,0.050000000000000044,
38399,1.383904801335968,906,2.8330280780792236,0.050000000000000044,
38472,1.1291451982718617,891,9.15137767791748,0.050000000000000044,
38555,-0.5341192248302062,625,5.853940963745117,0.050000000000000044,
38632,4.18723112520973,752,14.431888580322266,0.050000000000000044,
38710,-0.611216081925773,770,4.412781238555908,0.050000000000000044,
38789,1.3137938229748387,770,6.934818267822266,0.050000000000000044,
38867,-0.552476786236189,782,9.353775024414062,0.050000000000000044,
38941,1.3074044328067167,900,9.192855834960938,0.050000000000000044,
39016,1.2164834916104454,749,8.132930755615234,0.050000000000000044,
39094,1.366469221875643,779,8.121131896972656,0.050000000000000044,
39173,1.92008377838492,770,3.1704275608062744,0.050000000000000044,
39251,6.385594157074155,773,3.8784189224243164,0.050000000000000044,
39332,1.071628122176893,921,11.376212120056152,0.050000000000000044,
39409,-0.5952680273216759,637,3.0795745849609375,0.050000000000000044,
39489,1.4145181327167053,637,8.241950988769531,0.050000000000000044,
39563,1.235509086948413,912,5.803426742553711,0.050000000000000044,
39638,0.878063776283597,785,5.179479122161865,0.050000000000000044,
39716,63.04676529222546,888,6.876420497894287,0.050000000000000044,
39786,0.569351703618805,933,9.834951400756836,0.050000000000000044,
39869,1.2899694403831734,637,14.56576156616211,0.050000000000000044,
39948,1.3542540891814272,776,5.312445163726807,0.050000000000000044,
40000,,,4.28985595703125,0.050000000000000044,3.1
40026,3.034331238134,758,6.932005882263184,0.050000000000000044,
40107,1.190999359336347,782,4.060269832611084,0.050000000000000044,
40180,48.32239634444833,888,6.444405555725098,0.050000000000000044,
40255,35.88101679238586,888,5.1482086181640625,0.050000000000000044,
40332,1.4816934242064654,782,10.183838844299316,0.050000000000000044,
40412,1.366469221875643,891,8.259674072265625,0.050000000000000044,
40490,-0.5993153470484592,767,10.60891056060791,0.050000000000000044,
40569,1.3903729513895382,634,4.180196285247803,0.050000000000000044,
40645,1.3428045296568865,767,6.406893730163574,0.050000000000000044,
40722,4.080138810833719,918,16.080615997314453,0.050000000000000044,
40804,60.62822745651681,888,1.1442654132843018,0.050000000000000044,
40877,3.4892642048457505,785,10.761472702026367,0.050000000000000044,
40962,0.8105919966432688,628,3.3986098766326904,0.050000000000000044,
41037,62.41566231347076,1036,9.515054702758789,0.050000000000000044,
41115,5.4243312851243015,776,8.503914833068848,0.050000000000000044,
41193,-0.5613824981900889,749,6.388655662536621,0.050000000000000044,
41273,1.2569697928858992,921,2.676546573638916,0.050000000000000044,
41346,59.89037866294956,1036,7.641860008239746,0.050000000000000044,
41426,7.617949856209914,622,1.7918262481689453,0.050000000000000044,
41498,3.4198887581898214,1066,3.872079372406006,0.050000000000000044,
41575,3.0581642384899568,930,4.992553234100342,0.050000000000000044,
41653,57.027008757955535,1036,6.4267802238464355,0.050000000000000044,
41730,1.2003949031691539,776,12.340018272399902,0.050000000000000044,
41807,1.7754245009368046,631,9.026918411254883,0.050000000000000044,
41884,-0.5479563497335243,773,8.742212295532227,0.050000000000000044,
41960,2.143680245624165,894,6.47055721282959,0.050000000000000044,
42044,2.7654117202176427,610,8.852622032165527,0.050000000000000044,
42125,1.2279837965643483,915,4.911123275756836,0.050000000000000044,
42207,1.052129504582393,625,3.7782814502716064,0.050000000000000044,
42282,-0.5246599579942927,785,5.623007774353027,0.050000000000000044,
42357,1.3074044328067167,1042,4.2173919677734375,0.050000000000000044,
42437,-0.5828791200667793,785,9.27042293548584,0.050000000000000044,
42516,45.425924105993516,888,5.249406814575195,0.050000000000000044,
42594,1.7984027968467455,782,5.996875762939453,0.050000000000000044,
42668,-0.5479563497335243,782,4.629871368408203,0.050000000000000044,
42744,-0.5828791200667793,924,6.879303932189941,0.050000000000000044,
42821,1.366469221875643,909,2.9898176193237305,0.050000000000000044,
42900,4.6790566017576865,755,8.274703979492188,0.050000000000000044,
42977,-0.5569520183738271,918,4.092418193817139,0.050000000000000044,
43045,1.4508264292930253,1039,1.602691411972046,0.050000000000000044,
43122,1.2670697459793416,743,4.482629776000977,0.050000000000000044,
43198,45.507840688806375,740,8.69057846069336,0.050000000000000044,
43271,-0.5870503288661115,782,5.217294216156006,0.050000000000000044,
43351,2.302449339906553,921,2.833484649658203,0.050000000000000044,
43427,2.0099556193653147,1054,7.018410682678223,0.050000000000000044,
43503,1.4079846478141091,921,5.440109729766846,0.050000000000000044,
43572,1.194318656694341,1042,4.391250133514404,0.050000000000000044,
43652,-0.5828791200667793,779,5.788875579833984,0.050000000000000044,
43722,-0.5294133584143498,782,6.43980073928833,0.050000000000000044,
43803,1.383904801335968,746,9.053451538085938,0.050000000000000044,
43884,1.2843303884786494,601,7.190190315246582,0.050000000000000044,
43965,6.593051106134677,927,1.7557259798049927,0.050000000000000044,
44043,1.1723754701273972,767,6.331750392913818,0.050000000000000044,
44122,-0.5341192248302062,773,4.236019134521484,0.050000000000000044,
44203,-0.5701109864761061,779,2.369215488433838,0.050000000000000044,
44283,4.8871133277563,761,4.766237258911133,0.050000000000000044,
44364,39.873383697046364,740,5.328661918640137,0.050000000000000044,
44441,2.8650093760704918,785,5.457862854003906,0.050000000000000044,
44521,1.2068526887809665,782,3.327907085418701,0.050000000000000044,
44602,1.2906558847450904,912,4.286280632019043,0.050000000000000044,
44682,1.3542540891814272,900,13.611666679382324,0.050000000000000044,
44756,-0.5433902522560851,915,6.5679216384887695,0.050000000000000044,
44832,1.261487084593863,900,5.600142002105713,0.050000000000000044,
44915,1.3131004448314882,900,5.292573928833008,0.050000000000000044,
44988,1.2226211143122765,930,2.907142162322998,0.050000000000000044,
45000,,,13.743654251098633,0.050000000000000044,3.2
45067,1.1350409741501262,755,6.929015159606934,0.050000000000000044,
45144,53.6165796717043,592,16.843467712402344,0.050000000000000044,
45219,1.021733034322586,755,9.100118637084961,0.050000000000000044,
45294,1.2450718326386632,891,5.891702175140381,0.050000000000000044,
45375,-0.5341192248302062,776,8.514725685119629,0.050000000000000044,
45459,-0.5613824981900889,631,8.120409965515137,0.050000000000000044,
45541,-0.5294133584143498,782,1.6311094760894775,0.050000000000000044,
45618,-0.5613824981900889,637,5.264829635620117,0.050000000000000044,
45700,1.2732208923215471,779,15.4022216796875,0.050000000000000044,
45776,-0.5433902522560851,779,8.756195068359375,0.050000000000000044,
45854,-0.5701109864761061,637,8.23755931854248,0.050000000000000044,
45928,7.342631572400401,1063,1.7220466136932373,0.050000000000000044,
46013,-0.6189528818954502,637,5.18891716003418,0.050000000000000044,
46093,60.62822745651681,592,3.172255516052246,0.050000000000000044,
46167,1.942091912596173,785,3.045778274536133,0.050000000000000044,
46251,1.261487084593863,761,4.001780033111572,0.050000000000000044,
46330,-0.5246599579942927,631,7.945752143859863,0.050000000000000044,
46404,2.1577978448717343,785,1.4932374954223633,0.050000000000000044,
46480,58.22160733230977,740,11.590511322021484,0.050000000000000044,
46559,-0.5479563497335243,779,6.637979507446289,0.050000000000000044,
46638,61.89097966514318,740,17.231914520263672,0.050000000000000044,
46719,1.4263181650000951,610,6.890265464782715,0.050000000000000044,
46794,1.2450718326386632,637,5.572844505310059,0.050000000000000044,
46877,2.741872512925021,779,5.326944351196289,0.050000000000000044,
46954,-0.5828791200667793,761,10.35159683227539,0.050000000000000044,
47033,-0.607288971642195,785,5.967084884643555,0.050000000000000044,
47112,-0.5479563497335243,764,7.796604633331299,0.050000000000000044,
47190,0.9815214352550098,924,1.8087546825408936,0.050000000000000044,
47266,1.4263181650000951,897,5.314009666442871,0.050000000000000044,
47347,1.217720093556368,891,9.92182731628418,0.050000000000000044,
47428,1.1723754701273972,601,1.0150198936462402,0.050000000000000044,
47505,3.5142458745964165,776,5.719916343688965,0.050000000000000044,
47583,-0.5246599579942927,779,8.469194412231445,0.050000000000000044,
47660,-0.5786657778452317,785,6.797654151916504,0.050000000000000044,
47735,2.9401550142406356,921,5.004693031311035,0.050000000000000044,
47815,1.2843303884786494,749,1.6218007802963257,0.050000000000000044,
47893,1.2843303884786494,897,1.5384968519210815,0.050000000000000044,
47968,0.9661809093196085,770,7.8947296142578125,0.050000000000000044,
48047,1.2843303884786494,746,11.758691787719727,0.050000000000000044,
48122,8.845245481682916,924,1.6894792318344116,0.050000000000000044,
48201,45.432645418571404,888,8.5161714553833,0.050000000000000044,
48284,46.37889713211565,888,2.2121646404266357,0.050000000000000044,
48364,-0.5246599579942927,773,2.27982234954834,0.050000000000000044,
48442,-0.5569520183738271,918,4.9756951332092285,0.050000000000000044,
48510,1.0867752088262514,891,3.9601683616638184,0.050000000000000044,
48592,1.4145181327167053,755,3.3652446269989014,0.050000000000000044,
48662,6.144858443974022,1057,7.325655937194824,0.050000000000000044,
48738,-0.5911798255774504,927,0.5208265781402588,0.050000000000000044,
48815,4.024976660566436,622,16.154632568359375,0.050000000000000044,
48893,2.036727589009164,903,4.177346229553223,0.050000000000000044,
48973,1.2677493258976396,637,1.1593267917633057,0.050000000000000044,
49051,-0.565768673208188,773,3.0718603134155273,0.050000000000000044,
49131,0.8892054376143006,758,5.294680595397949,0.050000000000000044,
49208,-0.6033221935779747,782,4.823500156402588,0.050000000000000044,
49286,7.88178373756781,776,6.943617343902588,0.050000000000000044,
49361,1.3074044328067167,779,5.620023727416992,0.050000000000000044,
49431,3.8104253410412294,924,8.285049438476562,0.050000000000000044,
49510,1.8633744710443934,785,3.001016855239868,0.050000000000000044,
49585,-0.5786657778452317,758,1.5022677183151245,0.050000000000000044,
49665,3.861575931663691,770,4.2367844581604,0.050000000000000044,
49742,0.7249900579368168,785,4.403805255889893,0.050000000000000044,
49820,1.3551341579463474,933,6.665720462799072,0.050000000000000044,
49895,4.689193949020097,918,7.479761600494385,0.050000000000000044,
49964,3.1889476188730637,918,1.6473960876464844,0.050000000000000044,
50000,,,5.00537109375,0.050000000000000044,3.25
50040,1.4816934242064654,779,5.320860385894775,0.050000000000000044,
50113,60.011945181951646,1036,4.477039337158203,0.050000000000000044,
50189,-0.552476786236189,782,6.877345085144043,0.050000000000000044,
50267,1.4508264292930253,891,4.564247131347656,0.050000000000000044,
50347,1.1723754701273972,779,8.225844383239746,0.050000000000000044,
50426,1.2851843183211829,779,14.760702133178711,0.050000000000000044,
50497,4.171991986057696,921,2.01265287399292,0.050000000000000044,
50578,0.7179223577241859,782,1.36314058303833,0.050000000000000044,
50654,-0.5613824981900889,782,6.813178062438965,0.050000000000000044,
50730,1.0659074567379894,1187,7.151947021484375,0.050000000000000044,
50806,1.2677493258976396,912,2.2034502029418945,0.050000000000000044,
50879,2.0809629145677557,761,3.287684202194214,0.050000000000000044,
50955,-0.5613824981900889,888,1.949359655380249,0.050000000000000044,
51035,-0.5433902522560851,770,4.272228240966797,0.050000000000000044,
51115,1.2504886833983317,909,11.946186065673828,0.050000000000000044,
51193,1.2450718326386632,785,7.898305892944336,0.050000000000000044,
51277,-0.5387780325819042,634,2.595139503479004,0.050000000000000044,
51357,1.4145181327167053,909,7.72292423248291,0.050000000000000044,
51435,-0.5433902522560851,915,1.8993008136749268,0.050000000000000044,
51515,-0.5341192248302062,912,7.276871204376221,0.050000000000000044,
51589,5.4345955201660985,915,2.1905016899108887,0.050000000000000044,
51673,0.7504781670332862,746,4.035086631774902,0.050000000000000044,
51752,1.1563268211952884,779,9.14583969116211,0.050000000000000044,
51829,0.8360212289270385,933,1.0933585166931152,0.050000000000000044,
51909,1.2797674675615143,764,5.77842378616333,0.050000000000000044,
51987,0.7424141999361785,637,5.3515944480896,0.050000000000000044,
52063,1.7219875305128132,770,3.015688419342041,0.050000000000000044,
52142,1.3137938229748387,773,8.685462951660156,0.050000000000000044,
52216,2.2352761516600634,776,5.938253402709961,0.050000000000000044,
52293,1.3131004448314882,746,8.574284553527832,0.050000000000000044,
52373,1.4323077250647567,752,3.75333833694458,0.050000000000000044,
52449,6.565560849782094,776,1.3240121603012085,0.050000000000000044,
52525,-0.5387780325819042,773,4.591495513916016,0.050000000000000044,
52605,1.3542540891814272,903,1.4857566356658936,0.050000000000000044,
52687,1.3780344335165933,755,2.981167793273926,0.050000000000000044,
52763,2.8044062474465092,1063,5.267972946166992,0.050000000000000044,
52840,1.4263181650000951,776,4.177202224731445,0.050000000000000044,
52918,4.6352627605314165,900,4.802423477172852,0.050000000000000044,
52996,1.0925536587645386,900,10.130751609802246,0.050000000000000044,
53070,3.27848877884794,785,1.3019558191299438,0.050000000000000044,
53151,61.13108616782451,740,4.74955940246582,0.050000000000000044,
53224,-0.5870503288661115,903,7.1719465255737305,0.050000000000000044,
53301,1.1783909541374622,933,9.183204650878906,0.050000000000000044,
53380,0.6736027296124459,785,6.171805381774902,0.050000000000000044,
53461,7.18811750782145,764,9.938321113586426,0.050000000000000044,
53545,-0.5479563497335243,933,10.987695693969727,0.050000000000000044,
53624,1.2677493258976396,915,9.394113540649414,0.050000000000000044,
53708,1.205703958598705,770,3.364079475402832,0.050000000000000044,
53789,-0.6151039211065154,785,4.961036682128906,0.050000000000000044,
53866,0.9712674141051238,785,4.933643341064453,0.050000000000000044,
53949,1.09869494862576,785,0.49603286385536194,0.050000000000000044,
54024,1.150651715426123,743,4.452704429626465,0.050000000000000044,
54102,4.736420809856249,770,8.824563980102539,0.050000000000000044,
54184,1.2120560940074696,782,2.603592872619629,0.050000000000000044,
54264,1.2843303884786494,903,3.2482645511627197,0.050000000000000044,
54348,1.3607732098508714,785,9.770061492919922,0.050000000000000044,
54430,-0.5341192248302062,782,7.021982669830322,0.050000000000000044,
54501,-0.5952680273216759,933,2.33968448638916,0.050000000000000044,
54583,-0.5744098766113451,776,7.345951080322266,0.050000000000000044,
54660,54.64035916901839,888,5.044347763061523,0.050000000000000044,
54739,0.9070177610889644,921,3.49306058883667,0.050000000000000044,
54821,-0.5613824981900889,770,4.131145000457764,0.050000000000000044,
54901,2.382882395255485,773,8.320442199707031,0.050000000000000044,
54983,-0.552476786236189,779,11.051933288574219,0.050000000000000044,
55000,,,3.573927402496338,0.050000000000000044,3.2
55064,1.2450718326386632,779,2.2261290550231934,0.050000000000000044,
55142,2.126219866423017,906,13.829586029052734,0.050000000000000044,
55225,0.6029798361091988,927,4.245278835296631,0.050000000000000044,
55297,1.1618104498225903,918,2.872077465057373,0.050000000000000044,
55373,1.9908453219944156,785,4.880401611328125,0.050000000000000044,
55452,1.173187548910959,782,9.120277404785156,0.050000000000000044,
55526,1.261487084593863,921,7.2191162109375,0.050000000000000044,
55601,-0.5569520183738271,918,11.772405624389648,0.050000000000000044,
55683,1.3551341579463474,767,0.7286854982376099,0.050000000000000044,
55761,6.79890151837514,927,3.4935622215270996,0.050000000000000044,
55844,1.4568764899644007,637,7.30273962020874,0.050000000000000044,
55924,3.2687474664481653,758,2.054774045944214,0.050000000000000044,
56002,-0.552476786236189,740,4.543197154998779,0.050000000000000044,
56084,1.3551341579463474,628,2.3452038764953613,0.050000000000000044,
56163,0.8275313390332741,770,2.961310625076294,0.050000000000000044,
56238,1.1463558159593534,782,2.807392120361328,0.050000000000000044,
56316,4.85602693733179,755,1.7268943786621094,0.050000000000000044,
56401,0.9576993743729446,906,4.427188396453857,0.050000000000000044,
56484,1.2797674675615143,770,2.5534400939941406,0.050000000000000044,
56559,6.003213170404491,909,4.40771484375,0.050000000000000044,
56638,0.8357095525207623,773,0.8922796249389648,0.050000000000000044,
56720,-0.5701109864761061,918,5.137617111206055,0.050000000000000044,
56802,2.0811210087362437,897,3.136017322540283,0.050000000000000044,
56879,1.972719207746055,782,1.6638858318328857,0.050000000000000044,
56957,1.2388722137479244,906,2.7710938453674316,0.050000000000000044,
57037,2.8974195299558674,749,5.778439044952393,0.050000000000000044,
57123,1.2899694403831734,749,1.5185670852661133,0.050000000000000044,
57199,2.1648468429764818,782,5.260643005371094,0.050000000000000044,
57282,2.545955232605756,764,5.066912651062012,0.050000000000000044,
57362,1.2388722137479244,782,1.3827900886535645,0.050000000000000044,
57444,0.8980220924486615,770,0.5463912487030029,0.050000000000000044,
57524,47.33732904904676,740,4.919246673583984,0.050000000000000044,
57604,40.7697336195822,740,1.5712339878082275,0.050000000000000044,
57674,10.115968692262983,927,2.5605111122131348,0.050000000000000044,
57759,1.2670697459793416,891,0.5999308824539185,0.050000000000000044,
57838,-0.5479563497335243,903,5.2023162841796875,0.050000000000000044,
57921,1.3074044328067167,782,1.553774118423462,0.050000000000000044,
58003,-0.5479563497335243,785,11.525097846984863,0.050000000000000044,
58086,1.2388722137479244,752,1.559319257736206,0.050000000000000044,
58166,1.4020549833500942,776,3.136411666870117,0.050000000000000044,
58245,1.189935533067395,782,9.1580810546875,0.050000000000000044,
58328,4.794364454400251,607,4.418872833251953,0.050000000000000044,
58408,0.8516102494057761,927,5.747834205627441,0.050000000000000044,
58488,1.3903729513895382,785,2.1306052207946777,0.050000000000000044,
58570,1.183646919012718,776,3.0268917083740234,0.050000000000000044,
58650,1.3903729513895382,779,11.920372009277344,0.050000000000000044,
58732,4.5956581170825395,924,2.180161952972412,0.050000000000000044,
58810,1.4263181650000951,900,3.796626091003418,0.050000000000000044,
58889,44.9583876373592,1036,3.8418571949005127,0.050000000000000044,
58967,-0.565768673208188,927,4.061587810516357,0.050000000000000044,
59051,2.9819502523766213,927,1.4341528415679932,0.050000000000000044,
59129,-0.5613824981900889,785,2.332775592803955,0.050000000000000044,
59208,1.2291441300817845,927,3.3828072547912598,0.050000000000000044,
59285,-0.5569520183738271,927,1.4721052646636963,0.050000000000000044,
59363,1.2899694403831734,927,0.9621624946594238,0.050000000000000044,
59440,1.7208431222779401,779,2.076799154281616,0.050000000000000044,
59515,2.803446182038023,900,6.625277519226074,0.050000000000000044,
59594,1.3027954217793074,785,2.168928623199463,0.050000000000000044,
59672,1.2797674675615143,761,2.965053081512451,0.050000000000000044,
59756,1.383904801335968,758,1.8874049186706543,0.050000000000000044,
59831,1.2226211143122765,930,6.9229631423950195,0.050000000000000044,
59907,1.0363616099566266,912,2.1239819526672363,0.050000000000000044,
59979,0.6468855937507465,930,2.788982391357422,0.050000000000000044,
60000,,,1.6414203643798828,0.050000000000000044,3.2
